Date,Adj Close,Close,High,Low,Open,Volume
2018-01-01,13657.2001953125,13657.2001953125,14112.2001953125,13154.7001953125,14112.2001953125,10291200000
2018-01-02,14982.099609375,14982.099609375,15444.599609375,13163.599609375,13625.0,16846600192
2018-01-03,15201.0,15201.0,15572.7998046875,14844.5,14978.2001953125,16871900160
2018-01-04,15599.2001953125,15599.2001953125,15739.7001953125,14522.2001953125,15270.7001953125,21783199744
2018-01-05,17429.5,17429.5,17705.19921875,15202.7998046875,15477.2001953125,23840899072
2018-01-06,17527.0,17527.0,17712.400390625,16764.599609375,17462.099609375,18314600448
2018-01-07,16477.599609375,16477.599609375,17579.599609375,16087.7001953125,17527.30078125,15866000384
2018-01-08,15170.099609375,15170.099609375,16537.900390625,14208.2001953125,16476.19921875,18413899776
2018-01-09,14595.400390625,14595.400390625,15497.5,14424.0,15123.7001953125,16659999744
2018-01-10,14973.2998046875,14973.2998046875,14973.2998046875,13691.2001953125,14588.5,18500800512
2018-01-11,13405.7998046875,13405.7998046875,15018.7998046875,13105.900390625,14968.2001953125,16534099968
2018-01-12,13980.599609375,13980.599609375,14229.900390625,13158.099609375,13453.900390625,12065699840
2018-01-13,14360.2001953125,14360.2001953125,14659.5,13952.400390625,13952.400390625,12763599872
2018-01-14,13772.0,13772.0,14511.7998046875,13268.0,14370.7998046875,11084099584
2018-01-15,13819.7998046875,13819.7998046875,14445.5,13641.7001953125,13767.2998046875,12750799872
2018-01-16,11490.5,11490.5,13843.099609375,10194.900390625,13836.099609375,18853799936
2018-01-17,11188.599609375,11188.599609375,11678.0,9402.2900390625,11431.099609375,18830600192
2018-01-18,11474.900390625,11474.900390625,12107.2998046875,10942.5,11198.7998046875,15020399616
2018-01-19,11607.400390625,11607.400390625,11992.7998046875,11172.099609375,11429.7998046875,10740400128
2018-01-20,12899.2001953125,12899.2001953125,13103.0,11656.2001953125,11656.2001953125,11801700352
2018-01-21,11600.099609375,11600.099609375,12895.900390625,11288.2001953125,12889.2001953125,9935179776
2018-01-22,10931.400390625,10931.400390625,11966.400390625,10240.2001953125,11633.099609375,10537400320
2018-01-23,10868.400390625,10868.400390625,11377.599609375,10129.7001953125,10944.5,9660609536
2018-01-24,11359.400390625,11359.400390625,11501.400390625,10639.7998046875,10903.400390625,9940989952
2018-01-25,11259.400390625,11259.400390625,11785.7001953125,11057.400390625,11421.7001953125,8873169920
2018-01-26,11171.400390625,11171.400390625,11656.7001953125,10470.2998046875,11256.0,9746199552
2018-01-27,11440.7001953125,11440.7001953125,11614.900390625,10989.2001953125,11174.900390625,7583269888
2018-01-28,11786.2998046875,11786.2998046875,12040.2998046875,11475.2998046875,11475.2998046875,8350360064
2018-01-29,11296.400390625,11296.400390625,11875.599609375,11179.2001953125,11755.5,7107359744
2018-01-30,10106.2998046875,10106.2998046875,11307.2001953125,10036.2001953125,11306.7998046875,8637859840
2018-01-31,10221.099609375,10221.099609375,10381.599609375,9777.419921875,10108.2001953125,8041160192
2018-02-01,9170.5400390625,9170.5400390625,10288.7998046875,8812.2802734375,10237.2998046875,9959400448
2018-02-02,8830.75,8830.75,9142.2802734375,7796.490234375,9142.2802734375,12726899712
2018-02-03,9174.91015625,9174.91015625,9430.75,8251.6298828125,8852.1201171875,7263790080
2018-02-04,8277.009765625,8277.009765625,9334.8701171875,8031.22021484375,9175.7001953125,7073549824
2018-02-05,6955.27001953125,6955.27001953125,8364.83984375,6756.68017578125,8270.5400390625,9285289984
2018-02-06,7754.0,7754.0,7850.7001953125,6048.259765625,7051.75,13999800320
2018-02-07,7621.2998046875,7621.2998046875,8509.1103515625,7236.7900390625,7755.490234375,9169280000
2018-02-08,8265.58984375,8265.58984375,8558.76953125,7637.85986328125,7637.85986328125,9346750464
2018-02-09,8736.98046875,8736.98046875,8736.98046875,7884.7099609375,8271.83984375,6784820224
2018-02-10,8621.900390625,8621.900390625,9122.5498046875,8295.4697265625,8720.080078125,7780960256
2018-02-11,8129.97021484375,8129.97021484375,8616.1298828125,7931.10009765625,8616.1298828125,6122189824
2018-02-12,8926.5703125,8926.5703125,8985.919921875,8141.43017578125,8141.43017578125,6256439808
2018-02-13,8598.3095703125,8598.3095703125,8958.4697265625,8455.41015625,8926.7197265625,5696719872
2018-02-14,9494.6298828125,9494.6298828125,9518.5400390625,8599.919921875,8599.919921875,7909819904
2018-02-15,10166.400390625,10166.400390625,10234.7998046875,9395.580078125,9488.3203125,9062540288
2018-02-16,10233.900390625,10233.900390625,10324.099609375,9824.8203125,10135.7001953125,7296159744
2018-02-17,11112.7001953125,11112.7001953125,11139.5,10149.400390625,10207.5,8660880384
2018-02-18,10551.7998046875,10551.7998046875,11349.7998046875,10326.0,11123.400390625,8744009728
2018-02-19,11225.2998046875,11225.2998046875,11273.7998046875,10513.2001953125,10552.599609375,7652089856
2018-02-20,11403.7001953125,11403.7001953125,11958.5,11231.7998046875,11231.7998046875,9926540288
2018-02-21,10690.400390625,10690.400390625,11418.5,10479.099609375,11372.2001953125,9405339648
2018-02-22,10005.0,10005.0,11039.099609375,9939.08984375,10660.400390625,8040079872
2018-02-23,10301.099609375,10301.099609375,10487.2998046875,9734.5595703125,9937.0703125,7739500032
2018-02-24,9813.0703125,9813.0703125,10597.2001953125,9546.9697265625,10287.7001953125,6917929984
2018-02-25,9664.73046875,9664.73046875,9923.2197265625,9407.0595703125,9796.419921875,5706939904
2018-02-26,10366.7001953125,10366.7001953125,10475.0,9501.73046875,9669.4296875,7287690240
2018-02-27,10725.599609375,10725.599609375,10878.5,10246.099609375,10393.900390625,6966179840
2018-02-28,10397.900390625,10397.900390625,11089.7998046875,10393.099609375,10687.2001953125,6936189952
2018-03-01,10951.0,10951.0,11052.2998046875,10352.7001953125,10385.0,7317279744
2018-03-02,11086.400390625,11086.400390625,11189.0,10850.099609375,10977.400390625,7620590080
2018-03-03,11489.7001953125,11489.7001953125,11528.2001953125,11002.400390625,11101.900390625,6690570240
2018-03-04,11512.599609375,11512.599609375,11512.599609375,11136.099609375,11497.400390625,6084149760
2018-03-05,11573.2998046875,11573.2998046875,11704.099609375,11443.900390625,11532.400390625,6468539904
2018-03-06,10779.900390625,10779.900390625,11500.099609375,10694.2998046875,11500.099609375,6832169984
2018-03-07,9965.5703125,9965.5703125,10929.5,9692.1201171875,10803.900390625,8797910016
2018-03-08,9395.009765625,9395.009765625,10147.400390625,9335.8701171875,9951.4404296875,7186089984
2018-03-09,9337.5498046875,9337.5498046875,9466.349609375,8513.0302734375,9414.6904296875,8704190464
2018-03-10,8866.0,8866.0,9531.3203125,8828.4697265625,9350.58984375,5386319872
2018-03-11,9578.6298828125,9578.6298828125,9711.8896484375,8607.1201171875,8852.7802734375,6296370176
2018-03-12,9205.1201171875,9205.1201171875,9937.5,8956.4296875,9602.9296875,6457399808
2018-03-13,9194.849609375,9194.849609375,9470.3798828125,8958.1904296875,9173.0400390625,5991139840
2018-03-14,8269.8095703125,8269.8095703125,9355.849609375,8068.58984375,9214.650390625,6438230016
2018-03-15,8300.8603515625,8300.8603515625,8428.349609375,7783.0498046875,8290.759765625,6834429952
2018-03-16,8338.349609375,8338.349609375,8585.150390625,8005.31005859375,8322.91015625,5289379840
2018-03-17,7916.8798828125,7916.8798828125,8346.5302734375,7812.81982421875,8321.91015625,4426149888
2018-03-18,8223.6796875,8223.6796875,8245.509765625,7397.990234375,7890.52001953125,6639190016
2018-03-19,8630.650390625,8630.650390625,8675.8701171875,8182.39990234375,8344.1201171875,6729110016
2018-03-20,8913.4697265625,8913.4697265625,9051.01953125,8389.8896484375,8619.669921875,6361789952
2018-03-21,8929.2802734375,8929.2802734375,9177.3701171875,8846.330078125,8937.48046875,6043129856
2018-03-22,8728.4697265625,8728.4697265625,9100.7099609375,8564.900390625,8939.4404296875,5530390016
2018-03-23,8879.6201171875,8879.6201171875,8879.6201171875,8360.6201171875,8736.25,5954120192
2018-03-24,8668.1201171875,8668.1201171875,8996.1796875,8665.7001953125,8901.9501953125,5664600064
2018-03-25,8495.7802734375,8495.7802734375,8682.009765625,8449.099609375,8612.8095703125,4569880064
2018-03-26,8209.400390625,8209.400390625,8530.080078125,7921.43017578125,8498.4697265625,5921039872
2018-03-27,7833.0400390625,7833.0400390625,8232.7802734375,7797.27978515625,8200.0,5378250240
2018-03-28,7954.47998046875,7954.47998046875,8122.89013671875,7809.169921875,7836.830078125,4935289856
2018-03-29,7165.7001953125,7165.7001953125,7994.330078125,7081.3798828125,7979.06982421875,6361229824
2018-03-30,6890.52001953125,6890.52001953125,7276.66015625,6683.93017578125,7171.4501953125,6289509888
2018-03-31,6973.52978515625,6973.52978515625,7207.85009765625,6863.52001953125,6892.47998046875,4553269760
2018-04-01,6844.22998046875,6844.22998046875,7060.9501953125,6526.8701171875,7003.06005859375,4532100096
2018-04-02,7083.7998046875,7083.7998046875,7135.47021484375,6816.580078125,6844.85986328125,4333440000
2018-04-03,7456.10986328125,7456.10986328125,7530.93994140625,7072.490234375,7102.259765625,5499700224
2018-04-04,6853.83984375,6853.83984375,7469.8798828125,6803.8798828125,7456.41015625,4936000000
2018-04-05,6811.47021484375,6811.47021484375,6933.81982421875,6644.7998046875,6848.64990234375,5639320064
2018-04-06,6636.31982421875,6636.31982421875,6857.490234375,6575.0,6815.9599609375,3766810112
2018-04-07,6911.08984375,6911.08984375,7050.5400390625,6630.509765625,6630.509765625,3976610048
2018-04-08,7023.52001953125,7023.52001953125,7111.56005859375,6919.97998046875,6919.97998046875,3652499968
2018-04-09,6770.72998046875,6770.72998046875,7178.10986328125,6661.990234375,7044.31982421875,4894060032
2018-04-10,6834.759765625,6834.759765625,6872.41015625,6704.14990234375,6795.43994140625,4272750080
2018-04-11,6968.31982421875,6968.31982421875,6968.31982421875,6817.58984375,6843.47021484375,4641889792
2018-04-12,7889.25,7889.25,7899.22998046875,6806.509765625,6955.3798828125,8906250240
2018-04-13,7895.9599609375,7895.9599609375,8183.9599609375,7758.93017578125,7901.08984375,7764460032
2018-04-14,7986.240234375,7986.240234375,8140.7099609375,7846.0,7874.669921875,5191430144
2018-04-15,8329.1103515625,8329.1103515625,8338.419921875,7999.330078125,7999.330078125,5244480000
2018-04-16,8058.669921875,8058.669921875,8371.150390625,7925.72998046875,8337.5703125,5631309824
2018-04-17,7902.08984375,7902.08984375,8285.9599609375,7881.72021484375,8071.66015625,6900879872
2018-04-18,8163.419921875,8163.419921875,8197.7998046875,7886.009765625,7944.43017578125,6529909760
2018-04-19,8294.3095703125,8294.3095703125,8298.6904296875,8138.77978515625,8159.27001953125,7063209984
2018-04-20,8845.830078125,8845.830078125,8880.23046875,8244.5400390625,8286.8798828125,8438110208
2018-04-21,8895.580078125,8895.580078125,8997.5703125,8652.150390625,8848.7900390625,7548550144
2018-04-22,8802.4599609375,8802.4599609375,9001.6396484375,8779.6103515625,8925.0595703125,6629899776
2018-04-23,8930.8798828125,8930.8798828125,8958.5498046875,8788.8095703125,8794.3896484375,6925190144
2018-04-24,9697.5,9697.5,9732.6103515625,8927.830078125,8934.33984375,10678800384
2018-04-25,8845.740234375,8845.740234375,9745.3203125,8799.83984375,9701.0302734375,11083100160
2018-04-26,9281.509765625,9281.509765625,9281.509765625,8727.08984375,8867.3203125,8970559488
2018-04-27,8987.0498046875,8987.0498046875,9375.4697265625,8987.0498046875,9290.6298828125,7566289920
2018-04-28,9348.48046875,9348.48046875,9412.08984375,8931.990234375,8939.26953125,7805479936
2018-04-29,9419.080078125,9419.080078125,9531.490234375,9193.7099609375,9346.41015625,8853000192
2018-04-30,9240.5498046875,9240.5498046875,9477.1396484375,9166.8095703125,9426.1103515625,8673920000
2018-05-01,9119.009765625,9119.009765625,9255.8798828125,8891.0498046875,9251.4697265625,7713019904
2018-05-02,9235.919921875,9235.919921875,9256.51953125,9015.1396484375,9104.599609375,7558159872
2018-05-03,9743.8603515625,9743.8603515625,9798.330078125,9188.150390625,9233.9697265625,10207299584
2018-05-04,9700.759765625,9700.759765625,9779.2001953125,9585.9599609375,9695.5,8217829888
2018-05-05,9858.150390625,9858.150390625,9964.5,9695.1201171875,9700.2802734375,7651939840
2018-05-06,9654.7998046875,9654.7998046875,9940.1396484375,9465.25,9845.3095703125,7222280192
2018-05-07,9373.009765625,9373.009765625,9665.849609375,9231.5302734375,9645.669921875,7394019840
2018-05-08,9234.8203125,9234.8203125,9462.75,9127.76953125,9380.8701171875,7415869952
2018-05-09,9325.1796875,9325.1796875,9374.759765625,9031.6201171875,9223.73046875,7226890240
2018-05-10,9043.9404296875,9043.9404296875,9396.0400390625,9040.51953125,9325.9599609375,6906699776
2018-05-11,8441.490234375,8441.490234375,9052.9599609375,8394.4599609375,9052.9599609375,8488520192
2018-05-12,8504.8896484375,8504.8896484375,8664.8603515625,8223.5,8441.4404296875,6821380096
2018-05-13,8723.9404296875,8723.9404296875,8773.5498046875,8395.1201171875,8515.490234375,5866379776
2018-05-14,8716.7900390625,8716.7900390625,8881.1201171875,8367.9697265625,8713.099609375,7364149760
2018-05-15,8510.3798828125,8510.3798828125,8836.1904296875,8456.4501953125,8705.1904296875,6705710080
2018-05-16,8368.830078125,8368.830078125,8508.4296875,8175.490234375,8504.41015625,6760220160
2018-05-17,8094.31982421875,8094.31982421875,8445.5400390625,8054.1201171875,8370.0498046875,5862530048
2018-05-18,8250.9697265625,8250.9697265625,8274.1201171875,7974.81982421875,8091.830078125,5764190208
2018-05-19,8247.1796875,8247.1796875,8372.0595703125,8183.35009765625,8255.73046875,4712399872
2018-05-20,8513.25,8513.25,8562.41015625,8205.240234375,8246.990234375,5191059968
2018-05-21,8418.990234375,8418.990234375,8557.51953125,8365.1201171875,8522.330078125,5154990080
2018-05-22,8041.77978515625,8041.77978515625,8423.25,8004.580078125,8419.8701171875,5137010176
2018-05-23,7557.81982421875,7557.81982421875,8054.66015625,7507.8798828125,8037.080078125,6491120128
2018-05-24,7587.33984375,7587.33984375,7738.60009765625,7331.14013671875,7561.1201171875,6049220096
2018-05-25,7480.14013671875,7480.14013671875,7659.14013671875,7392.64990234375,7592.2998046875,4867829760
2018-05-26,7355.8798828125,7355.8798828125,7595.16015625,7349.1201171875,7486.47998046875,4051539968
2018-05-27,7368.22021484375,7368.22021484375,7381.740234375,7270.9599609375,7362.080078125,4056519936
2018-05-28,7135.990234375,7135.990234375,7419.0498046875,7100.89013671875,7371.31005859375,5040600064
2018-05-29,7472.58984375,7472.58984375,7526.419921875,7090.68017578125,7129.4599609375,5662660096
2018-05-30,7406.52001953125,7406.52001953125,7573.77001953125,7313.60009765625,7469.72998046875,4922540032
2018-05-31,7494.169921875,7494.169921875,7608.89990234375,7361.1298828125,7406.14990234375,5127130112
2018-06-01,7541.4501953125,7541.4501953125,7604.72998046875,7407.33984375,7500.7001953125,4921460224
2018-06-02,7643.4501953125,7643.4501953125,7695.830078125,7497.259765625,7536.72021484375,4939299840
2018-06-03,7720.25,7720.25,7754.89013671875,7613.0400390625,7632.08984375,4851760128
2018-06-04,7514.47021484375,7514.47021484375,7753.81982421875,7474.0400390625,7722.52978515625,4993169920
2018-06-05,7633.759765625,7633.759765625,7643.22998046875,7397.0,7500.89990234375,4961739776
2018-06-06,7653.97998046875,7653.97998046875,7680.43017578125,7502.009765625,7625.97021484375,4692259840
2018-06-07,7678.240234375,7678.240234375,7741.27001953125,7650.81982421875,7650.81982421875,4485799936
2018-06-08,7624.919921875,7624.919921875,7698.18994140625,7558.39990234375,7685.14013671875,4227579904
2018-06-09,7531.97998046875,7531.97998046875,7683.580078125,7531.97998046875,7632.52001953125,3845220096
2018-06-10,6786.02001953125,6786.02001953125,7499.5498046875,6709.06982421875,7499.5498046875,5804839936
2018-06-11,6906.919921875,6906.919921875,6910.18017578125,6706.6298828125,6799.2900390625,4745269760
2018-06-12,6582.35986328125,6582.35986328125,6907.9599609375,6542.080078125,6905.81982421875,4654380032
2018-06-13,6349.89990234375,6349.89990234375,6631.66015625,6285.6298828125,6596.8798828125,5052349952
2018-06-14,6675.35009765625,6675.35009765625,6707.14013671875,6334.4599609375,6342.75,5138710016
2018-06-15,6456.580078125,6456.580078125,6681.080078125,6433.8701171875,6674.080078125,3955389952
2018-06-16,6550.16015625,6550.16015625,6592.490234375,6402.2900390625,6455.4501953125,3194170112
2018-06-17,6499.27001953125,6499.27001953125,6589.10986328125,6499.27001953125,6545.52978515625,3104019968
2018-06-18,6734.81982421875,6734.81982421875,6781.14013671875,6446.68017578125,6510.06982421875,4039200000
2018-06-19,6769.93994140625,6769.93994140625,6822.5,6709.919921875,6742.39013671875,4057029888
2018-06-20,6776.5498046875,6776.5498046875,6821.56005859375,6611.8798828125,6770.759765625,3888640000
2018-06-21,6729.740234375,6729.740234375,6810.93994140625,6715.169921875,6780.08984375,3529129984
2018-06-22,6083.68994140625,6083.68994140625,6747.080078125,6006.60009765625,6737.8798828125,5079810048
2018-06-23,6162.47998046875,6162.47998046875,6224.81982421875,6071.81005859375,6090.10009765625,3431360000
2018-06-24,6173.22998046875,6173.22998046875,6223.77978515625,5826.41015625,6164.27978515625,4566909952
2018-06-25,6249.18017578125,6249.18017578125,6327.3701171875,6119.68017578125,6171.97021484375,5500810240
2018-06-26,6093.669921875,6093.669921875,6290.16015625,6093.669921875,6253.5498046875,3279759872
2018-06-27,6157.1298828125,6157.1298828125,6180.0,6052.85009765625,6084.39990234375,3296219904
2018-06-28,5903.43994140625,5903.43994140625,6170.41015625,5873.0498046875,6153.16015625,3467800064
2018-06-29,6218.2998046875,6218.2998046875,6261.66015625,5835.75,5898.1298828125,3966230016
2018-06-30,6404.0,6404.0,6465.509765625,6214.22021484375,6214.22021484375,4543860224
2018-07-01,6385.81982421875,6385.81982421875,6432.85009765625,6289.2900390625,6411.68017578125,4788259840
2018-07-02,6614.18017578125,6614.18017578125,6683.85986328125,6305.7001953125,6380.3798828125,4396930048
2018-07-03,6529.58984375,6529.58984375,6671.3701171875,6447.75,6596.66015625,4672309760
2018-07-04,6597.5498046875,6597.5498046875,6771.919921875,6450.4599609375,6550.8701171875,4176689920
2018-07-05,6639.14013671875,6639.14013671875,6749.5400390625,6546.64990234375,6599.7099609375,4999240192
2018-07-06,6673.5,6673.5,6700.93994140625,6533.5498046875,6638.68994140625,4313959936
2018-07-07,6856.93017578125,6856.93017578125,6863.990234375,6579.240234375,6668.7099609375,3961080064
2018-07-08,6773.8798828125,6773.8798828125,6885.91015625,6747.97998046875,6857.7998046875,3386210048
2018-07-09,6741.75,6741.75,6838.68017578125,6724.33984375,6775.080078125,3718129920
2018-07-10,6329.9501953125,6329.9501953125,6767.740234375,6320.72021484375,6739.2099609375,4052430080
2018-07-11,6394.7099609375,6394.7099609375,6444.9599609375,6330.47021484375,6330.77001953125,3644859904
2018-07-12,6228.81005859375,6228.81005859375,6397.10009765625,6136.419921875,6396.77978515625,3770170112
2018-07-13,6238.0498046875,6238.0498046875,6310.5498046875,6192.240234375,6235.02978515625,3805400064
2018-07-14,6276.1201171875,6276.1201171875,6298.18994140625,6212.22021484375,6247.5,2923670016
2018-07-15,6359.64013671875,6359.64013671875,6403.4599609375,6256.509765625,6272.7001953125,3285459968
2018-07-16,6741.75,6741.75,6741.75,6357.009765625,6357.009765625,4725799936
2018-07-17,7321.0400390625,7321.0400390625,7387.240234375,6684.169921875,6739.64990234375,5961950208
2018-07-18,7370.77978515625,7370.77978515625,7534.990234375,7280.47021484375,7315.31982421875,6103410176
2018-07-19,7466.85986328125,7466.85986328125,7494.4599609375,7295.4599609375,7378.2001953125,5111629824
2018-07-20,7354.1298828125,7354.1298828125,7594.669921875,7323.259765625,7467.39990234375,4936869888
2018-07-21,7419.2900390625,7419.2900390625,7437.64013671875,7262.41015625,7352.72021484375,3726609920
2018-07-22,7418.490234375,7418.490234375,7537.9501953125,7383.81982421875,7417.7998046875,3695460096
2018-07-23,7711.10986328125,7711.10986328125,7771.5,7409.10009765625,7414.7099609375,5132480000
2018-07-24,8424.26953125,8424.26953125,8424.26953125,7705.5,7716.509765625,7277689856
2018-07-25,8181.39013671875,8181.39013671875,8416.8701171875,8086.35986328125,8379.66015625,5845400064
2018-07-26,7951.580078125,7951.580078125,8290.330078125,7878.7099609375,8176.85009765625,4899089920
2018-07-27,8165.009765625,8165.009765625,8262.66015625,7839.759765625,7950.39990234375,5195879936
2018-07-28,8192.150390625,8192.150390625,8222.849609375,8110.77001953125,8169.06005859375,3988750080
2018-07-29,8218.4599609375,8218.4599609375,8272.259765625,8141.18017578125,8205.8203125,4107190016
2018-07-30,8180.47998046875,8180.47998046875,8235.5,7917.5,8221.580078125,5551400000
2018-07-31,7780.43994140625,7780.43994140625,8181.52978515625,7696.93017578125,8181.2001953125,5287530000
2018-08-01,7624.91015625,7624.91015625,7769.0400390625,7504.9501953125,7769.0400390625,4797620000
2018-08-02,7567.14990234375,7567.14990234375,7712.77001953125,7523.43994140625,7634.18994140625,4214110000
2018-08-03,7434.39013671875,7434.39013671875,7562.14013671875,7328.64990234375,7562.14013671875,4627150000
2018-08-04,7032.85009765625,7032.85009765625,7497.490234375,6984.06982421875,7438.669921875,4268390000
2018-08-05,7068.47998046875,7068.47998046875,7102.77001953125,6940.7001953125,7031.080078125,3679110000
2018-08-06,6951.7998046875,6951.7998046875,7166.5498046875,6890.5400390625,7062.93994140625,3925900000
2018-08-07,6753.1201171875,6753.1201171875,7146.56005859375,6748.240234375,6958.31982421875,4682800000
2018-08-08,6305.7998046875,6305.7998046875,6746.85009765625,6226.22021484375,6746.85009765625,5064430000
2018-08-09,6568.22998046875,6568.22998046875,6625.72998046875,6249.06982421875,6305.56005859375,4267040000
2018-08-10,6184.7099609375,6184.7099609375,6591.259765625,6124.52001953125,6571.419921875,4528680000
2018-08-11,6295.72998046875,6295.72998046875,6455.740234375,6109.02978515625,6185.7900390625,4047850000
2018-08-12,6322.68994140625,6322.68994140625,6409.85009765625,6237.5,6283.64990234375,5665250000
2018-08-13,6297.56982421875,6297.56982421875,6537.0498046875,6225.72021484375,6341.35986328125,4083980000
2018-08-14,6199.7099609375,6199.7099609375,6287.93994140625,5971.0498046875,6287.66015625,5301700000
2018-08-15,6308.52001953125,6308.52001953125,6588.490234375,6221.419921875,6221.419921875,4895450000
2018-08-16,6334.72998046875,6334.72998046875,6473.5,6276.41015625,6294.22998046875,4328420000
2018-08-17,6580.6298828125,6580.6298828125,6582.5,6324.97021484375,6340.91015625,4992990000
2018-08-18,6423.759765625,6423.759765625,6617.35009765625,6353.72998046875,6583.43017578125,3984520000
2018-08-19,6506.06982421875,6506.06982421875,6537.97998046875,6361.5498046875,6422.56982421875,3311170000
2018-08-20,6308.52978515625,6308.52978515625,6536.919921875,6297.93017578125,6500.509765625,3665100000
2018-08-21,6488.759765625,6488.759765625,6500.8701171875,6298.240234375,6301.06982421875,3377180000
2018-08-22,6376.7099609375,6376.7099609375,6816.7900390625,6310.10986328125,6486.25,4668110000
2018-08-23,6534.8798828125,6534.8798828125,6546.5400390625,6371.33984375,6371.33984375,3426180000
2018-08-24,6719.9599609375,6719.9599609375,6719.9599609375,6498.64013671875,6551.52001953125,4097820000
2018-08-25,6763.18994140625,6763.18994140625,6789.6298828125,6700.9599609375,6719.9501953125,3312600000
2018-08-26,6707.259765625,6707.259765625,6774.75,6620.75,6754.64013671875,3295500000
2018-08-27,6884.64013671875,6884.64013671875,6884.64013671875,6689.7099609375,6710.7998046875,4019000000
2018-08-28,7096.27978515625,7096.27978515625,7109.56005859375,6882.33984375,6891.080078125,4659940000
2018-08-29,7047.16015625,7047.16015625,7113.2998046875,6970.81982421875,7091.7099609375,4145880000
2018-08-30,6978.22998046875,6978.22998046875,7072.68994140625,6834.68994140625,7043.759765625,4463250000
2018-08-31,7037.580078125,7037.580078125,7057.169921875,6920.16015625,6973.97021484375,4495650000
2018-09-01,7193.25,7193.25,7242.2900390625,7038.0498046875,7044.81005859375,4116050000
2018-09-02,7272.72021484375,7272.72021484375,7306.31005859375,7132.16015625,7189.580078125,4329540000
2018-09-03,7260.06005859375,7260.06005859375,7317.93994140625,7208.14990234375,7279.02978515625,4087760000
2018-09-04,7361.66015625,7361.66015625,7388.259765625,7255.43994140625,7263.0,4273640000
2018-09-05,6792.830078125,6792.830078125,7388.43017578125,6792.830078125,7361.4599609375,5800460000
2018-09-06,6529.169921875,6529.169921875,6755.14013671875,6404.72021484375,6755.14013671875,5523470000
2018-09-07,6467.06982421875,6467.06982421875,6555.2900390625,6396.8701171875,6528.919921875,4264680000
2018-09-08,6225.97998046875,6225.97998046875,6534.25,6197.52001953125,6460.169921875,3835060000
2018-09-09,6300.85986328125,6300.85986328125,6446.259765625,6201.22021484375,6223.3798828125,3671890000
2018-09-10,6329.7001953125,6329.7001953125,6374.97998046875,6292.759765625,6301.56982421875,3714100000
2018-09-11,6321.2001953125,6321.2001953125,6398.919921875,6260.2099609375,6331.8798828125,3849910000
2018-09-12,6351.7998046875,6351.7998046875,6363.8701171875,6265.08984375,6317.009765625,4064230000
2018-09-13,6517.31005859375,6517.31005859375,6535.41015625,6354.240234375,6354.240234375,4210910000
2018-09-14,6512.7099609375,6512.7099609375,6596.10009765625,6456.169921875,6515.41015625,4076220000
2018-09-15,6543.2001953125,6543.2001953125,6561.72021484375,6493.5498046875,6509.39990234375,3216300000
2018-09-16,6517.18017578125,6517.18017578125,6544.330078125,6460.10009765625,6536.68017578125,3273730000
2018-09-17,6281.2001953125,6281.2001953125,6540.2099609375,6257.52001953125,6514.06005859375,3910780000
2018-09-18,6371.2998046875,6371.2998046875,6384.18017578125,6265.7099609375,6280.91015625,4180090000
2018-09-19,6398.5400390625,6398.5400390625,6448.4599609375,6208.33984375,6371.85009765625,4431340000
2018-09-20,6519.669921875,6519.669921875,6529.259765625,6395.9501953125,6398.85009765625,4348110000
2018-09-21,6734.9501953125,6734.9501953125,6794.330078125,6496.35986328125,6513.8701171875,6531940000
2018-09-22,6721.97998046875,6721.97998046875,6814.56005859375,6616.7998046875,6735.0498046875,4509660000
2018-09-23,6710.6298828125,6710.6298828125,6766.14990234375,6679.419921875,6715.31982421875,4197500000
2018-09-24,6595.41015625,6595.41015625,6713.56005859375,6580.89990234375,6704.77001953125,4177310000
2018-09-25,6446.47021484375,6446.47021484375,6603.64013671875,6381.85986328125,6603.64013671875,4726180000
2018-09-26,6495.0,6495.0,6585.91015625,6397.89013671875,6452.7900390625,4437300000
2018-09-27,6676.75,6676.75,6712.10009765625,6464.9501953125,6495.2900390625,4606810000
2018-09-28,6644.1298828125,6644.1298828125,6785.02978515625,6598.31982421875,6678.75,5014430000
2018-09-29,6601.9599609375,6601.9599609375,6643.10009765625,6511.64990234375,6643.10009765625,4363690000
2018-09-30,6625.56005859375,6625.56005859375,6643.77978515625,6566.5400390625,6604.7099609375,4002280000
2018-10-01,6589.6201171875,6589.6201171875,6653.2998046875,6549.080078125,6619.85009765625,4000970000
2018-10-02,6556.10009765625,6556.10009765625,6611.83984375,6537.89990234375,6593.240234375,3979260000
2018-10-03,6502.58984375,6502.58984375,6571.4599609375,6454.02978515625,6553.85986328125,3887310000
2018-10-04,6576.68994140625,6576.68994140625,6603.31005859375,6497.91015625,6497.91015625,3838410000
2018-10-05,6622.47998046875,6622.47998046875,6623.6201171875,6557.41015625,6574.14990234375,3671500000
2018-10-06,6588.31005859375,6588.31005859375,6628.5400390625,6577.7998046875,6622.4501953125,3259740000
2018-10-07,6602.9501953125,6602.9501953125,6641.490234375,6557.0400390625,6590.68017578125,3306630000
2018-10-08,6652.22998046875,6652.22998046875,6675.06005859375,6576.0400390625,6600.18994140625,3979460000
2018-10-09,6642.64013671875,6642.64013671875,6661.41015625,6606.93994140625,6653.080078125,3580810000
2018-10-10,6585.52978515625,6585.52978515625,6640.2900390625,6538.9599609375,6640.2900390625,3787650000
2018-10-11,6256.240234375,6256.240234375,6586.740234375,6243.740234375,6586.740234375,5181640000
2018-10-12,6274.580078125,6274.580078125,6328.5,6236.47021484375,6239.25,3783500000
2018-10-13,6285.990234375,6285.990234375,6308.509765625,6259.81005859375,6278.080078125,3064030000
2018-10-14,6290.93017578125,6290.93017578125,6363.2099609375,6280.14990234375,6288.490234375,3085320000
2018-10-15,6596.5400390625,6596.5400390625,6965.06005859375,6258.68017578125,6292.64013671875,7370770000
2018-10-16,6596.10986328125,6596.10986328125,6673.58984375,6571.3701171875,6601.41015625,4074800000
2018-10-17,6544.43017578125,6544.43017578125,6601.2099609375,6517.4501953125,6590.52001953125,4088420000
2018-10-18,6476.7099609375,6476.7099609375,6567.5400390625,6450.0400390625,6542.330078125,3924080000
2018-10-19,6465.41015625,6465.41015625,6493.68017578125,6445.31005859375,6478.06982421875,3578870000
2018-10-20,6489.18994140625,6489.18994140625,6497.72021484375,6449.0,6460.919921875,3379130000
2018-10-21,6482.35009765625,6482.35009765625,6556.3798828125,6476.0,6490.08984375,3253610000
2018-10-22,6487.16015625,6487.16015625,6543.7998046875,6462.97998046875,6486.0498046875,3672860000
2018-10-23,6475.740234375,6475.740234375,6506.009765625,6451.27001953125,6472.35986328125,3716150000
2018-10-24,6495.83984375,6495.83984375,6521.990234375,6468.85986328125,6478.89013671875,3424670000
2018-10-25,6476.2900390625,6476.2900390625,6504.64990234375,6447.02978515625,6484.64990234375,3230550000
2018-10-26,6474.75,6474.75,6498.2900390625,6449.60986328125,6468.43994140625,3306050000
2018-10-27,6480.3798828125,6480.3798828125,6507.41015625,6453.52978515625,6480.83984375,3393250000
2018-10-28,6486.39013671875,6486.39013671875,6502.27978515625,6447.91015625,6482.66015625,3445190000
2018-10-29,6332.6298828125,6332.6298828125,6503.60009765625,6306.990234375,6492.35009765625,4199910000
2018-10-30,6334.27001953125,6334.27001953125,6364.990234375,6310.14013671875,6337.0400390625,3781100000
2018-10-31,6317.60986328125,6317.60986328125,6349.16015625,6316.8798828125,6336.990234375,4191240000
2018-11-01,6377.77978515625,6377.77978515625,6547.14013671875,6311.830078125,6318.14013671875,3789400000
2018-11-02,6388.43994140625,6388.43994140625,6396.85986328125,6327.3798828125,6378.919921875,4234870000
2018-11-03,6361.259765625,6361.259765625,6400.06982421875,6342.3701171875,6387.240234375,3658640000
2018-11-04,6376.1298828125,6376.1298828125,6388.6298828125,6294.56982421875,6365.47021484375,4390020000
2018-11-05,6419.66015625,6419.66015625,6480.58984375,6363.6201171875,6363.6201171875,4174800000
2018-11-06,6461.009765625,6461.009765625,6463.5498046875,6408.16015625,6433.3798828125,4700040000
2018-11-07,6530.14013671875,6530.14013671875,6552.16015625,6468.31005859375,6468.5,4941260000
2018-11-08,6453.72021484375,6453.72021484375,6536.919921875,6438.52978515625,6522.27001953125,4665260000
2018-11-09,6385.6201171875,6385.6201171875,6456.4599609375,6373.3701171875,6442.60009765625,4346820000
2018-11-10,6409.22021484375,6409.22021484375,6437.27978515625,6385.31005859375,6386.1298828125,3705320000
2018-11-11,6411.27001953125,6411.27001953125,6423.25,6350.169921875,6413.6298828125,3939060000
2018-11-12,6371.27001953125,6371.27001953125,6434.2099609375,6360.47021484375,6411.759765625,4295770000
2018-11-13,6359.490234375,6359.490234375,6395.27001953125,6342.669921875,6373.18994140625,4503800000
2018-11-14,5738.35009765625,5738.35009765625,6371.5498046875,5544.08984375,6351.240234375,7398940000
2018-11-15,5648.02978515625,5648.02978515625,5774.81982421875,5358.3798828125,5736.14990234375,7032140000
2018-11-16,5575.5498046875,5575.5498046875,5657.02001953125,5498.93994140625,5645.31982421875,5279320000
2018-11-17,5554.330078125,5554.330078125,5578.580078125,5519.56005859375,5578.580078125,4303150000
2018-11-18,5623.5400390625,5623.5400390625,5653.60986328125,5559.740234375,5559.740234375,4159680000
2018-11-19,4871.490234375,4871.490234375,5620.77978515625,4842.91015625,5620.77978515625,7039560000
2018-11-20,4451.8701171875,4451.8701171875,4951.60986328125,4272.10986328125,4863.93017578125,8428290000
2018-11-21,4602.169921875,4602.169921875,4675.72998046875,4343.97998046875,4465.5400390625,6120120000
2018-11-22,4365.93994140625,4365.93994140625,4629.64013671875,4365.64013671875,4611.56982421875,4569370000
2018-11-23,4347.10986328125,4347.10986328125,4396.419921875,4195.68017578125,4360.7001953125,4871490000
2018-11-24,3880.760009765625,3880.760009765625,4413.08984375,3795.159912109375,4347.68994140625,4679500000
2018-11-25,4009.969970703125,4009.969970703125,4120.8701171875,3585.06005859375,3880.780029296875,6825640000
2018-11-26,3779.1298828125,3779.1298828125,4107.14013671875,3643.919921875,4015.070068359375,6476900000
2018-11-27,3820.719970703125,3820.719970703125,3862.9599609375,3661.010009765625,3765.949951171875,5998720000
2018-11-28,4257.419921875,4257.419921875,4385.89990234375,3822.469970703125,3822.469970703125,7280280000
2018-11-29,4278.8466796875,4278.8466796875,4413.0205078125,4145.76513671875,4269.00439453125,6503347767
2018-11-30,4017.2685546875,4017.2685546875,4322.9765625,3942.822021484375,4289.0888671875,6048016717
2018-12-01,4214.671875,4214.671875,4309.37744140625,3969.710693359375,4024.46435546875,5375314093
2018-12-02,4139.8779296875,4139.8779296875,4301.51953125,4110.978515625,4200.7333984375,5262697895
2018-12-03,3894.130859375,3894.130859375,4155.9794921875,3840.4462890625,4147.32373046875,5089570994
2018-12-04,3956.893798828125,3956.893798828125,4075.627685546875,3832.75,3886.294921875,5028069239
2018-12-05,3753.994873046875,3753.994873046875,3969.535888671875,3753.994873046875,3958.894775390625,5302481574
2018-12-06,3521.101806640625,3521.101806640625,3874.966064453125,3521.101806640625,3754.074462890625,5878333109
2018-12-07,3419.937255859375,3419.937255859375,3512.59033203125,3280.228759765625,3512.59033203125,6835615448
2018-12-08,3476.11474609375,3476.11474609375,3506.04345703125,3350.650634765625,3421.910400390625,5305024497
2018-12-09,3614.234375,3614.234375,3685.3056640625,3469.09423828125,3473.2275390625,4947372847
2018-12-10,3502.656005859375,3502.656005859375,3647.33251953125,3470.14453125,3612.04638671875,5020968740
2018-12-11,3424.588134765625,3424.588134765625,3513.18505859375,3392.25,3497.5546875,4696765188
2018-12-12,3486.9501953125,3486.9501953125,3534.228515625,3413.4814453125,3421.458251953125,4139364829
2018-12-13,3313.67724609375,3313.67724609375,3489.739501953125,3298.132080078125,3487.87939453125,4343372456
2018-12-14,3242.48486328125,3242.48486328125,3329.555908203125,3206.542236328125,3311.751953125,4372763663
2018-12-15,3236.76171875,3236.76171875,3275.3779296875,3191.303466796875,3243.99755859375,3551763561
2018-12-16,3252.839111328125,3252.839111328125,3305.753173828125,3233.81982421875,3236.274658203125,3744248994
2018-12-17,3545.86474609375,3545.86474609375,3597.91796875,3253.123046875,3253.123046875,5409247918
2018-12-18,3696.05908203125,3696.05908203125,3701.349365234375,3487.169189453125,3544.761474609375,5911325473
2018-12-19,3745.95068359375,3745.95068359375,3949.322998046875,3687.22998046875,3706.824951171875,6810689119
2018-12-20,4134.44140625,4134.44140625,4191.228515625,3728.974609375,3742.195068359375,8927129279
2018-12-21,3896.543701171875,3896.543701171875,4198.4296875,3850.9462890625,4133.70361328125,7206015706
2018-12-22,4014.1826171875,4014.1826171875,4014.1826171875,3855.739013671875,3898.083740234375,5605823233
2018-12-23,3998.980224609375,3998.980224609375,4085.7236328125,3976.40576171875,4020.99462890625,6151275490
2018-12-24,4078.59912109375,4078.59912109375,4271.79248046875,4000.331787109375,4000.331787109375,7240968501
2018-12-25,3815.49072265625,3815.49072265625,4089.5615234375,3760.0205078125,4081.030517578125,6158207293
2018-12-26,3857.297607421875,3857.297607421875,3893.359619140625,3769.86376953125,3819.666748046875,5326547918
2018-12-27,3654.83349609375,3654.83349609375,3874.4169921875,3645.448486328125,3854.6884765625,5130222366
2018-12-28,3923.918701171875,3923.918701171875,3956.135986328125,3642.632080078125,3653.1318359375,5631554348
2018-12-29,3820.40869140625,3820.40869140625,3963.7587890625,3820.40869140625,3932.49169921875,4991655917
2018-12-30,3865.95263671875,3865.95263671875,3901.908935546875,3797.21923828125,3822.384765625,4770578575
2018-12-31,3742.700439453125,3742.700439453125,3868.742919921875,3725.867431640625,3866.839111328125,4661840806
2019-01-01,3843.52001953125,3843.52001953125,3850.913818359375,3707.231201171875,3746.71337890625,4324200990
2019-01-02,3943.409423828125,3943.409423828125,3947.981201171875,3817.409423828125,3849.21630859375,5244856836
2019-01-03,3836.7412109375,3836.7412109375,3935.68505859375,3826.222900390625,3931.048583984375,4530215219
2019-01-04,3857.717529296875,3857.717529296875,3865.9345703125,3783.853759765625,3832.0400390625,4847965467
2019-01-05,3845.194580078125,3845.194580078125,3904.903076171875,3836.900146484375,3851.973876953125,5137609824
2019-01-06,4076.632568359375,4076.632568359375,4093.29736328125,3826.51318359375,3836.51904296875,5597027440
2019-01-07,4025.248291015625,4025.248291015625,4092.613525390625,4020.89404296875,4078.5849609375,5228625637
2019-01-08,4030.847900390625,4030.847900390625,4109.02099609375,3996.955322265625,4028.47216796875,5306593305
2019-01-09,4035.29638671875,4035.29638671875,4068.403564453125,4022.662841796875,4031.552001953125,5115905225
2019-01-10,3678.924560546875,3678.924560546875,4064.066650390625,3659.174560546875,4034.411376953125,6874143796
2019-01-11,3687.365478515625,3687.365478515625,3713.8818359375,3653.06982421875,3674.015380859375,5538712865
2019-01-12,3661.301025390625,3661.301025390625,3698.978271484375,3653.810791015625,3686.97314453125,4778170883
2019-01-13,3552.953125,3552.953125,3674.760009765625,3544.92724609375,3658.8681640625,4681302466
2019-01-14,3706.05224609375,3706.05224609375,3727.836181640625,3552.28515625,3557.31103515625,5651384490
2019-01-15,3630.67529296875,3630.67529296875,3720.1533203125,3619.94921875,3704.21630859375,5537192302
2019-01-16,3655.0068359375,3655.0068359375,3685.777099609375,3624.67333984375,3631.509765625,5394457145
2019-01-17,3678.56396484375,3678.56396484375,3680.135986328125,3621.9609375,3651.87109375,5464420383
2019-01-18,3657.83935546875,3657.83935546875,3682.52001953125,3637.080810546875,3677.990478515625,5002961727
2019-01-19,3728.568359375,3728.568359375,3758.533447265625,3652.3779296875,3652.3779296875,5955691380
2019-01-20,3601.013671875,3601.013671875,3743.387939453125,3583.01953125,3725.446044921875,5582489560
2019-01-21,3576.032470703125,3576.032470703125,3608.8408203125,3558.537109375,3600.372802734375,5004347059
2019-01-22,3604.5771484375,3604.5771484375,3620.74658203125,3539.721435546875,3575.081298828125,5313623556
2019-01-23,3585.123046875,3585.123046875,3623.06787109375,3565.31396484375,3605.55712890625,5433755649
2019-01-24,3600.865478515625,3600.865478515625,3616.08740234375,3569.0927734375,3584.500244140625,5262869046
2019-01-25,3599.765869140625,3599.765869140625,3612.927734375,3575.597412109375,3607.390380859375,5265847539
2019-01-26,3602.46044921875,3602.46044921875,3654.93310546875,3593.345947265625,3599.71533203125,5098183235
2019-01-27,3583.9658203125,3583.9658203125,3612.67138671875,3567.245849609375,3604.687255859375,5570752966
2019-01-28,3470.450439453125,3470.450439453125,3586.7509765625,3439.23291015625,3584.283203125,6908930483
2019-01-29,3448.116943359375,3448.116943359375,3476.0654296875,3400.81982421875,3468.8701171875,5897159493
2019-01-30,3486.181640625,3486.181640625,3495.1748046875,3429.387939453125,3443.89697265625,5955112627
2019-01-31,3457.792724609375,3457.792724609375,3504.804931640625,3447.915771484375,3485.4091796875,5831198271
2019-02-01,3487.9453125,3487.9453125,3501.9541015625,3431.591552734375,3460.547119140625,5422926707
2019-02-02,3521.060791015625,3521.060791015625,3523.287353515625,3467.57470703125,3484.6259765625,5071623601
2019-02-03,3464.013427734375,3464.013427734375,3521.38818359375,3447.92431640625,3516.1396484375,5043937584
2019-02-04,3459.154052734375,3459.154052734375,3476.223876953125,3442.5869140625,3467.211669921875,5332718886
2019-02-05,3466.357421875,3466.357421875,3478.148193359375,3451.93701171875,3454.950927734375,5227549545
2019-02-06,3413.767822265625,3413.767822265625,3469.091796875,3398.5654296875,3469.091796875,5482196038
2019-02-07,3399.4716796875,3399.4716796875,3427.945556640625,3394.218505859375,3414.929443359375,5004962683
2019-02-08,3666.7802734375,3666.7802734375,3695.614013671875,3391.023681640625,3401.37646484375,7735623101
2019-02-09,3671.20361328125,3671.20361328125,3679.94140625,3646.559326171875,3671.5859375,6158833645
2019-02-10,3690.188232421875,3690.188232421875,3695.0361328125,3640.97998046875,3673.201416015625,6282256903
2019-02-11,3648.4306640625,3648.4306640625,3695.613037109375,3642.287841796875,3695.613037109375,6277056434
2019-02-12,3653.528564453125,3653.528564453125,3668.5869140625,3618.556884765625,3642.751953125,6480384532
2019-02-13,3632.070556640625,3632.070556640625,3669.74658203125,3617.246337890625,3653.60400390625,6438903823
2019-02-14,3616.880859375,3616.880859375,3646.256591796875,3607.69775390625,3631.170166015625,6271044418
2019-02-15,3620.810791015625,3620.810791015625,3647.795166015625,3608.20654296875,3617.368408203125,6091952231
2019-02-16,3629.78759765625,3629.78759765625,3652.84130859375,3615.270263671875,3615.270263671875,5934744052
2019-02-17,3673.836181640625,3673.836181640625,3680.537353515625,3619.18212890625,3633.359375,7039512503
2019-02-18,3915.71435546875,3915.71435546875,3936.6650390625,3669.982421875,3671.369873046875,9908216640
2019-02-19,3947.094482421875,3947.094482421875,4010.87939453125,3908.153076171875,3911.66162109375,9933626655
2019-02-20,3999.820556640625,3999.820556640625,4000.486328125,3926.246826171875,3946.68505859375,8693373948
2019-02-21,3954.1181640625,3954.1181640625,4010.009521484375,3940.108154296875,4000.2568359375,7775128102
2019-02-22,4005.526611328125,4005.526611328125,4006.538330078125,3950.81640625,3952.406494140625,7826525254
2019-02-23,4142.52685546875,4142.52685546875,4166.2861328125,3968.726806640625,3998.916259765625,8922258316
2019-02-24,3810.427490234375,3810.427490234375,4210.6416015625,3793.708984375,4145.4580078125,10794227451
2019-02-25,3882.6962890625,3882.6962890625,3913.707275390625,3807.00244140625,3807.00244140625,9318796067
2019-02-26,3854.35791015625,3854.35791015625,3891.578857421875,3837.986328125,3878.697265625,7931218996
2019-02-27,3851.04736328125,3851.04736328125,3888.802490234375,3787.058837890625,3857.479736328125,8301309684
2019-02-28,3854.785400390625,3854.785400390625,3906.058349609375,3845.8212890625,3848.261962890625,8399767798
2019-03-01,3859.583740234375,3859.583740234375,3907.79541015625,3851.6923828125,3853.757080078125,7661247975
2019-03-02,3864.4150390625,3864.4150390625,3874.607421875,3832.1279296875,3855.318115234375,7578786076
2019-03-03,3847.17578125,3847.17578125,3875.483642578125,3836.90576171875,3862.26611328125,7253558152
2019-03-04,3761.55712890625,3761.55712890625,3867.3818359375,3733.749755859375,3845.091552734375,9029175788
2019-03-05,3896.375,3896.375,3903.916748046875,3745.18310546875,3759.83251953125,10174126415
2019-03-06,3903.942626953125,3903.942626953125,3919.510498046875,3871.460693359375,3897.0810546875,9175291529
2019-03-07,3911.484375,3911.484375,3939.373291015625,3894.113037109375,3903.384765625,9584165519
2019-03-08,3901.131591796875,3901.131591796875,3950.43212890625,3875.228515625,3913.225830078125,10638638944
2019-03-09,3963.313720703125,3963.313720703125,3987.23779296875,3892.390380859375,3894.552490234375,10796103518
2019-03-10,3951.599853515625,3951.599853515625,3966.17431640625,3924.381103515625,3966.17431640625,9713267607
2019-03-11,3905.227294921875,3905.227294921875,3966.384765625,3889.239013671875,3953.740234375,10125901903
2019-03-12,3909.15625,3909.15625,3926.88916015625,3863.55908203125,3903.75830078125,9809887079
2019-03-13,3906.71728515625,3906.71728515625,3926.59765625,3891.904296875,3913.04736328125,9469184841
2019-03-14,3924.369140625,3924.369140625,3946.50439453125,3901.296875,3905.576904296875,10480789570
2019-03-15,3960.9111328125,3960.9111328125,3968.54296875,3914.015380859375,3926.663330078125,9394210605
2019-03-16,4048.725830078125,4048.725830078125,4077.036376953125,3961.657470703125,3963.900146484375,9856166973
2019-03-17,4025.22900390625,4025.22900390625,4054.1220703125,4006.4111328125,4047.719482421875,8221625400
2019-03-18,4032.50732421875,4032.50732421875,4071.556640625,4009.1171875,4029.968505859375,9646954186
2019-03-19,4071.190185546875,4071.190185546875,4082.216064453125,4023.8125,4032.69189453125,9344919956
2019-03-20,4087.476318359375,4087.476318359375,4089.4619140625,4031.11083984375,4070.7939453125,10175916388
2019-03-21,4029.326904296875,4029.326904296875,4097.35986328125,4005.1513671875,4083.953857421875,10831212662
2019-03-22,4023.96826171875,4023.96826171875,4053.90673828125,4021.54248046875,4028.5146484375,9252935969
2019-03-23,4035.826416015625,4035.826416015625,4049.882568359375,4015.964599609375,4022.71337890625,9578850549
2019-03-24,4022.168212890625,4022.168212890625,4040.69970703125,4006.19287109375,4035.16357421875,9144851065
2019-03-25,3963.070556640625,3963.070556640625,4038.8408203125,3934.03125,4024.11279296875,10359818883
2019-03-26,3985.080810546875,3985.080810546875,3985.080810546875,3944.753173828125,3969.228759765625,10707678815
2019-03-27,4087.066162109375,4087.066162109375,4087.066162109375,3977.810546875,3984.244873046875,10897131934
2019-03-28,4069.107177734375,4069.107177734375,4094.902099609375,4040.266357421875,4087.58447265625,9353915899
2019-03-29,4098.37451171875,4098.37451171875,4113.5009765625,4034.09716796875,4068.2998046875,10918665557
2019-03-30,4106.66015625,4106.66015625,4296.806640625,4053.90966796875,4092.13623046875,9732688060
2019-03-31,4105.404296875,4105.404296875,4113.0234375,4094.100830078125,4105.4560546875,9045122443
2019-04-01,4158.18310546875,4158.18310546875,4164.953125,4096.9013671875,4105.3623046875,10157794171
2019-04-02,4879.8779296875,4879.8779296875,4905.95458984375,4155.31689453125,4156.91943359375,21315047816
2019-04-03,4973.02197265625,4973.02197265625,5307.00341796875,4876.62109375,4879.9580078125,22899891582
2019-04-04,4922.798828125,4922.798828125,5063.15966796875,4836.7939453125,4971.3076171875,18251810240
2019-04-05,5036.68115234375,5036.68115234375,5053.509765625,4919.49169921875,4922.80615234375,16837325387
2019-04-06,5059.8173828125,5059.8173828125,5205.82177734375,4992.22216796875,5036.79296875,16929795194
2019-04-07,5198.89697265625,5198.89697265625,5235.1865234375,5050.412109375,5062.7939453125,16655416140
2019-04-08,5289.77099609375,5289.77099609375,5318.83642578125,5148.2119140625,5199.83544921875,17154113634
2019-04-09,5204.95849609375,5204.95849609375,5289.91796875,5167.4189453125,5289.91796875,14722104361
2019-04-10,5324.5517578125,5324.5517578125,5421.6513671875,5193.38232421875,5204.10546875,15504590933
2019-04-11,5064.48779296875,5064.48779296875,5354.2255859375,5017.29638671875,5325.08154296875,16555616019
2019-04-12,5089.5390625,5089.5390625,5103.2744140625,4955.8525390625,5061.20068359375,13675206312
2019-04-13,5096.58642578125,5096.58642578125,5127.1220703125,5061.58935546875,5088.85009765625,10823289598
2019-04-14,5167.72216796875,5167.72216796875,5184.01611328125,5053.568359375,5095.7587890625,10391952498
2019-04-15,5067.1083984375,5067.1083984375,5196.60693359375,5024.0693359375,5167.32177734375,12290155061
2019-04-16,5235.5595703125,5235.5595703125,5238.9453125,5055.19482421875,5066.57763671875,11618660197
2019-04-17,5251.93798828125,5251.93798828125,5274.275390625,5219.20556640625,5236.13525390625,12438480677
2019-04-18,5298.3857421875,5298.3857421875,5319.986328125,5250.5068359375,5251.48046875,13256489918
2019-04-19,5303.8125,5303.8125,5336.68017578125,5233.3349609375,5298.154296875,13780238655
2019-04-20,5337.88623046875,5337.88623046875,5358.49072265625,5295.8779296875,5304.16064453125,13169647522
2019-04-21,5314.53125,5314.53125,5359.9248046875,5257.33935546875,5335.87890625,13731844223
2019-04-22,5399.365234375,5399.365234375,5422.6875,5280.27685546875,5312.49462890625,14601631648
2019-04-23,5572.3623046875,5572.3623046875,5633.80224609375,5389.40869140625,5399.36572265625,15867308108
2019-04-24,5464.86669921875,5464.86669921875,5642.04443359375,5418.26318359375,5571.50830078125,17048033399
2019-04-25,5210.515625,5210.515625,5542.23828125,5181.3388671875,5466.5244140625,15330283408
2019-04-26,5279.34814453125,5279.34814453125,5383.63427734375,5177.36865234375,5210.3046875,16812108040
2019-04-27,5268.291015625,5268.291015625,5310.75,5233.6357421875,5279.47119140625,13111274675
2019-04-28,5285.13916015625,5285.13916015625,5326.23193359375,5255.68359375,5271.74658203125,12819992056
2019-04-29,5247.3525390625,5247.3525390625,5311.27490234375,5216.48779296875,5284.8583984375,13735490672
2019-04-30,5350.7265625,5350.7265625,5363.25732421875,5224.18994140625,5247.72607421875,13878964574
2019-05-01,5402.697265625,5402.697265625,5418.00390625,5347.64599609375,5350.91455078125,13679528236
2019-05-02,5505.28369140625,5505.28369140625,5522.2626953125,5394.21728515625,5402.4228515625,14644460907
2019-05-03,5768.28955078125,5768.28955078125,5865.8818359375,5490.20166015625,5505.55224609375,18720780006
2019-05-04,5831.16748046875,5831.16748046875,5886.8935546875,5645.46923828125,5769.20263671875,17567780766
2019-05-05,5795.70849609375,5795.70849609375,5833.86279296875,5708.03515625,5831.068359375,14808830723
2019-05-06,5746.80712890625,5746.80712890625,5802.95751953125,5653.6875,5791.693359375,15737171804
2019-05-07,5829.50146484375,5829.50146484375,5988.17822265625,5741.39599609375,5745.59912109375,18026409033
2019-05-08,5982.45751953125,5982.45751953125,5989.98095703125,5794.7158203125,5849.4814453125,15320605300
2019-05-09,6174.52880859375,6174.52880859375,6183.0390625,5982.31640625,5982.31640625,16784645411
2019-05-10,6378.84912109375,6378.84912109375,6434.61767578125,6161.51904296875,6175.82275390625,19419875368
2019-05-11,7204.771484375,7204.771484375,7333.0029296875,6375.69873046875,6379.6669921875,28867562329
2019-05-12,6972.37158203125,6972.37158203125,7503.8720703125,6815.77099609375,7203.50732421875,27773333680
2019-05-13,7814.9150390625,7814.9150390625,8047.4130859375,6898.2822265625,6971.17822265625,28677672181
2019-05-14,7994.416015625,7994.416015625,8268.712890625,7696.39111328125,7807.88427734375,32031452227
2019-05-15,8205.16796875,8205.16796875,8216.423828125,7899.10693359375,7989.37451171875,28344112920
2019-05-16,7884.9091796875,7884.9091796875,8320.82421875,7729.6083984375,8194.5009765625,33167197581
2019-05-17,7343.8955078125,7343.8955078125,7929.1455078125,7038.12451171875,7886.92578125,30066644905
2019-05-18,7271.2080078125,7271.2080078125,7447.27197265625,7251.50439453125,7341.66455078125,21354286562
2019-05-19,8197.689453125,8197.689453125,8261.94140625,7267.962890625,7267.962890625,25902422040
2019-05-20,7978.30908203125,7978.30908203125,8200.9677734375,7678.78173828125,8196.923828125,23843404340
2019-05-21,7963.32763671875,7963.32763671875,8062.16796875,7843.33984375,7977.96923828125,25127245056
2019-05-22,7680.06640625,7680.06640625,7997.6123046875,7615.9873046875,7956.2919921875,24719473175
2019-05-23,7881.8466796875,7881.8466796875,7943.79150390625,7533.19677734375,7677.26904296875,24457107820
2019-05-24,7987.37158203125,7987.37158203125,8140.7197265625,7824.44873046875,7881.6953125,25919126991
2019-05-25,8052.5439453125,8052.5439453125,8117.92578125,7965.97607421875,7991.88525390625,22256813107
2019-05-26,8673.2158203125,8673.2158203125,8687.5205078125,7924.67041015625,8055.2060546875,26677970091
2019-05-27,8805.7783203125,8805.7783203125,8907.1748046875,8668.705078125,8674.072265625,27949839564
2019-05-28,8719.9619140625,8719.9619140625,8807.0166015625,8634.7216796875,8802.7578125,24226919267
2019-05-29,8659.4873046875,8659.4873046875,8755.8525390625,8482.728515625,8718.591796875,23473479966
2019-05-30,8319.47265625,8319.47265625,9008.314453125,8221.2734375,8661.7607421875,29246528551
2019-05-31,8574.501953125,8574.501953125,8586.6591796875,8172.55078125,8320.2861328125,25365190957
2019-06-01,8564.0166015625,8564.0166015625,8625.6005859375,8481.578125,8573.83984375,22488303544
2019-06-02,8742.9580078125,8742.9580078125,8809.3037109375,8561.2353515625,8565.4736328125,20266216022
2019-06-03,8208.9951171875,8208.9951171875,8743.5,8204.185546875,8741.7470703125,22004511436
2019-06-04,7707.77099609375,7707.77099609375,8210.9853515625,7564.48876953125,8210.9853515625,24609731549
2019-06-05,7824.2314453125,7824.2314453125,7901.84912109375,7668.66845703125,7704.34326171875,21760923463
2019-06-06,7822.0234375,7822.0234375,7937.3408203125,7571.47119140625,7819.63330078125,19474611077
2019-06-07,8043.951171875,8043.951171875,8126.1533203125,7788.37353515625,7826.9013671875,19141423231
2019-06-08,7954.1279296875,7954.1279296875,8076.89111328125,7837.61083984375,8036.77490234375,16522722810
2019-06-09,7688.0771484375,7688.0771484375,7975.97412109375,7583.2197265625,7949.6748046875,16610726547
2019-06-10,8000.32958984375,8000.32958984375,8031.90966796875,7586.73095703125,7692.28466796875,18689275117
2019-06-11,7927.71435546875,7927.71435546875,8026.39404296875,7772.8037109375,8004.24365234375,17107279932
2019-06-12,8145.857421875,8145.857421875,8196.6484375,7862.35986328125,7925.43408203125,19034432883
2019-06-13,8230.923828125,8230.923828125,8311.5673828125,8087.06103515625,8145.54541015625,18669407147
2019-06-14,8693.8330078125,8693.8330078125,8710.63671875,8183.39306640625,8230.8984375,19831162906
2019-06-15,8838.375,8838.375,8859.1279296875,8618.3955078125,8689.74609375,18371033226
2019-06-16,8994.48828125,8994.48828125,9335.8671875,8814.556640625,8841.4404296875,23348550311
2019-06-17,9320.3525390625,9320.3525390625,9416.4072265625,8988.923828125,8988.923828125,15562951919
2019-06-18,9081.7626953125,9081.7626953125,9348.3740234375,9004.9013671875,9335.466796875,15848210536
2019-06-19,9273.521484375,9273.521484375,9299.62109375,9070.3955078125,9078.7275390625,15546809946
2019-06-20,9527.16015625,9527.16015625,9594.419921875,9232.484375,9273.060546875,17846823784
2019-06-21,10144.556640625,10144.556640625,10144.556640625,9525.07421875,9525.07421875,20624008643
2019-06-22,10701.69140625,10701.69140625,11157.345703125,10107.03515625,10175.923828125,29995204861
2019-06-23,10855.37109375,10855.37109375,11246.14453125,10556.095703125,10696.69140625,20998326502
2019-06-24,11011.1025390625,11011.1025390625,11065.896484375,10610.427734375,10853.744140625,19271652365
2019-06-25,11790.9169921875,11790.9169921875,11790.9169921875,11007.2021484375,11007.2021484375,24879684533
2019-06-26,13016.2314453125,13016.2314453125,13796.4892578125,11755.59765625,11778.5810546875,45105733173
2019-06-27,11182.806640625,11182.806640625,13311.14453125,10491.8525390625,13017.125,39977475223
2019-06-28,12407.33203125,12407.33203125,12445.1748046875,10914.4951171875,11162.16796875,35087757766
2019-06-29,11959.37109375,11959.37109375,12400.91015625,11508.37890625,12400.763671875,29923961128
2019-06-30,10817.1552734375,10817.1552734375,12178.3837890625,10799.0087890625,11931.9912109375,27256473494
2019-07-01,10583.134765625,10583.134765625,11206.439453125,10089.314453125,10796.9306640625,29378589324
2019-07-02,10801.677734375,10801.677734375,10912.1884765625,9737.884765625,10588.68359375,31015895223
2019-07-03,11961.26953125,11961.26953125,11968.078125,10818.15625,10818.15625,30796494294
2019-07-04,11215.4375,11215.4375,12006.0751953125,11166.5693359375,11972.71875,25920294033
2019-07-05,10978.4599609375,10978.4599609375,11395.6611328125,10874.96484375,11203.1025390625,23838480210
2019-07-06,11208.55078125,11208.55078125,11620.96484375,10982.5439453125,10982.5439453125,21092024306
2019-07-07,11450.8466796875,11450.8466796875,11541.6201171875,11148.8046875,11217.6162109375,19369044277
2019-07-08,12285.9580078125,12285.9580078125,12345.8330078125,11393.3740234375,11446.5966796875,23482551458
2019-07-09,12573.8125,12573.8125,12779.1318359375,12233.26171875,12284.326171875,28167921523
2019-07-10,12156.5126953125,12156.5126953125,13129.529296875,11710.978515625,12571.537109375,33627574244
2019-07-11,11358.662109375,11358.662109375,12144.623046875,11158.9228515625,12139.7138671875,28595327690
2019-07-12,11815.986328125,11815.986328125,11905.4873046875,11179.14453125,11354.2998046875,23534692797
2019-07-13,11392.37890625,11392.37890625,11841.95703125,10908.4794921875,11813.126953125,21042616384
2019-07-14,10256.05859375,10256.05859375,11451.2041015625,10234.576171875,11381.0205078125,22486000001
2019-07-15,10895.08984375,10895.08984375,11052.7666015625,9992.0068359375,10257.8388671875,25384047207
2019-07-16,9477.6416015625,9477.6416015625,10996.6328125,9448.1064453125,10896.6533203125,24151199070
2019-07-17,9693.802734375,9693.802734375,9963.134765625,9163.134765625,9471.2138671875,24569921549
2019-07-18,10666.482421875,10666.482421875,10736.8427734375,9376.798828125,9698.5029296875,25187024648
2019-07-19,10530.732421875,10530.732421875,10716.98046875,10229.62890625,10653.9560546875,20727426310
2019-07-20,10767.1396484375,10767.1396484375,11048.662109375,10451.2763671875,10525.8193359375,20206615155
2019-07-21,10599.10546875,10599.10546875,10841.8876953125,10389.599609375,10777.529296875,17130580467
2019-07-22,10343.1064453125,10343.1064453125,10651.791015625,10154.921875,10596.9482421875,16334414913
2019-07-23,9900.767578125,9900.767578125,10346.748046875,9883.5947265625,10346.748046875,17851916995
2019-07-24,9811.92578125,9811.92578125,9908.796875,9614.306640625,9887.73046875,17398734322
2019-07-25,9911.841796875,9911.841796875,10154.25390625,9773.95703125,9809.0966796875,15821952090
2019-07-26,9870.3037109375,9870.3037109375,9916.517578125,9717.982421875,9913.126953125,14495714483
2019-07-27,9477.677734375,9477.677734375,10167.3203125,9411.521484375,9871.1650390625,16817809536
2019-07-28,9552.8603515625,9552.8603515625,9575.544921875,9252.296875,9491.626953125,13738687093
2019-07-29,9519.1455078125,9519.1455078125,9681.6484375,9472.9482421875,9548.1787109375,13791445323
2019-07-30,9607.423828125,9607.423828125,9701.759765625,9437.3359375,9522.3291015625,13829811132
2019-07-31,10085.6279296875,10085.6279296875,10085.6279296875,9598.09765625,9604.05078125,16631520648
2019-08-01,10399.6689453125,10399.6689453125,10446.919921875,9922.01953125,10077.4423828125,17165337858
2019-08-02,10518.1748046875,10518.1748046875,10657.953125,10371.013671875,10402.04296875,17489094082
2019-08-03,10821.7265625,10821.7265625,10946.78125,10503.5048828125,10519.2783203125,15352685061
2019-08-04,10970.1845703125,10970.1845703125,11009.20703125,10620.2783203125,10821.6328125,16530894787
2019-08-05,11805.6533203125,11805.6533203125,11895.091796875,10960.7353515625,10960.7353515625,23875988832
2019-08-06,11478.1689453125,11478.1689453125,12273.8212890625,11290.7314453125,11811.544921875,23635107660
2019-08-07,11941.96875,11941.96875,12036.990234375,11433.701171875,11476.193359375,22194988641
2019-08-08,11966.4072265625,11966.4072265625,11979.419921875,11556.16796875,11954.0400390625,19481591730
2019-08-09,11862.9365234375,11862.9365234375,11970.4580078125,11709.7451171875,11953.4697265625,18339989960
2019-08-10,11354.0244140625,11354.0244140625,11915.6552734375,11323.8984375,11861.556640625,18125355447
2019-08-11,11523.5791015625,11523.5791015625,11523.5791015625,11248.294921875,11349.740234375,15774371518
2019-08-12,11382.6162109375,11382.6162109375,11528.189453125,11320.951171875,11528.189453125,13647198229
2019-08-13,10895.830078125,10895.830078125,11420.0498046875,10830.3271484375,11385.052734375,16681503537
2019-08-14,10051.7041015625,10051.7041015625,10889.556640625,10028.1357421875,10889.4873046875,19990838300
2019-08-15,10311.5458984375,10311.5458984375,10437.4111328125,9675.31640625,10038.421875,22899115082
2019-08-16,10374.3388671875,10374.3388671875,10524.349609375,9855.478515625,10319.419921875,20228207096
2019-08-17,10231.744140625,10231.744140625,10452.625,10086.6982421875,10358.72265625,13778035685
2019-08-18,10345.810546875,10345.810546875,10487.0703125,10119.0947265625,10233.005859375,12999813869
2019-08-19,10916.0537109375,10916.0537109375,10916.0537109375,10313.2041015625,10350.283203125,16038264603
2019-08-20,10763.232421875,10763.232421875,10947.0419921875,10618.9609375,10916.3466796875,15053082175
2019-08-21,10138.0498046875,10138.0498046875,10798.7294921875,9962.7216796875,10764.572265625,19473084768
2019-08-22,10131.0556640625,10131.0556640625,10232.99609375,9831.462890625,10142.521484375,17097508856
2019-08-23,10407.96484375,10407.96484375,10442.443359375,10078.1923828125,10136.3095703125,15627023886
2019-08-24,10159.9609375,10159.9609375,10418.0205078125,9982.296875,10407.64453125,15451030650
2019-08-25,10138.517578125,10138.517578125,10304.6220703125,10008.7890625,10160.7373046875,14153856610
2019-08-26,10370.8203125,10370.8203125,10512.328125,10126.2998046875,10126.2998046875,18438654080
2019-08-27,10185.5,10185.5,10381.328125,10087.30078125,10372.826171875,14762609503
2019-08-28,9754.4228515625,9754.4228515625,10279.3662109375,9716.65625,10203.4267578125,17603790323
2019-08-29,9510.2001953125,9510.2001953125,9756.7861328125,9421.6298828125,9756.7861328125,17045878501
2019-08-30,9598.173828125,9598.173828125,9656.1240234375,9428.302734375,9514.8447265625,13595263986
2019-08-31,9630.6640625,9630.6640625,9673.220703125,9531.7998046875,9597.5390625,11454806419
2019-09-01,9757.970703125,9757.970703125,9796.755859375,9582.9443359375,9630.5927734375,11445355859
2019-09-02,10346.7607421875,10346.7607421875,10396.591796875,9730.650390625,9757.4736328125,17248102294
2019-09-03,10623.5400390625,10623.5400390625,10736.1044921875,10308.5478515625,10345.7255859375,19384917989
2019-09-04,10594.4931640625,10594.4931640625,10762.64453125,10434.7099609375,10621.1806640625,16742664769
2019-09-05,10575.533203125,10575.533203125,10627.26953125,10516.41796875,10588.18359375,14551239508
2019-09-06,10353.302734375,10353.302734375,10898.76171875,10292.2998046875,10578.1982421875,19536574783
2019-09-07,10517.2548828125,10517.2548828125,10558.673828125,10348.9189453125,10353.931640625,15307366476
2019-09-08,10441.2763671875,10441.2763671875,10595.6376953125,10409.0908203125,10518.1142578125,13670567493
2019-09-09,10334.974609375,10334.974609375,10450.3115234375,10144.9296875,10443.228515625,17595943368
2019-09-10,10115.9755859375,10115.9755859375,10394.353515625,10020.5732421875,10336.408203125,14906809639
2019-09-11,10178.3720703125,10178.3720703125,10215.9482421875,9980.7763671875,10123.03515625,15428063426
2019-09-12,10410.126953125,10410.126953125,10442.25390625,10099.2421875,10176.8193359375,15323563925
2019-09-13,10360.546875,10360.546875,10441.4892578125,10226.5966796875,10415.3623046875,14109864675
2019-09-14,10358.048828125,10358.048828125,10422.1337890625,10291.6943359375,10345.4033203125,13468713124
2019-09-15,10347.712890625,10347.712890625,10387.03515625,10313.0927734375,10356.4658203125,12043433567
2019-09-16,10276.7939453125,10276.7939453125,10386.8671875,10189.744140625,10347.22265625,15160167779
2019-09-17,10241.2724609375,10241.2724609375,10296.771484375,10199.7392578125,10281.513671875,15304603363
2019-09-18,10198.248046875,10198.248046875,10275.9287109375,10191.4697265625,10247.7958984375,16169268880
2019-09-19,10266.4150390625,10266.4150390625,10295.6689453125,9851.6923828125,10200.49609375,19937691247
2019-09-20,10181.6416015625,10181.6416015625,10285.8720703125,10132.1865234375,10266.318359375,14734189639
2019-09-21,10019.716796875,10019.716796875,10188.09765625,10000.7080078125,10183.6484375,13425266806
2019-09-22,10070.392578125,10070.392578125,10074.4443359375,9922.533203125,10024.115234375,13199651698
2019-09-23,9729.32421875,9729.32421875,10074.23828125,9727.1435546875,10067.962890625,15144925408
2019-09-24,8620.56640625,8620.56640625,9804.3173828125,8370.8017578125,9729.3212890625,25002886689
2019-09-25,8486.9931640625,8486.9931640625,8744.828125,8325.396484375,8603.4287109375,21744728353
2019-09-26,8118.9677734375,8118.9677734375,8515.685546875,7895.62939453125,8487.669921875,19258205289
2019-09-27,8251.845703125,8251.845703125,8271.5205078125,7965.9228515625,8113.10107421875,16408941156
2019-09-28,8245.9150390625,8245.9150390625,8285.6171875,8125.431640625,8251.2734375,14141152736
2019-09-29,8104.185546875,8104.185546875,8261.70703125,7990.4970703125,8246.037109375,13034629109
2019-09-30,8293.8681640625,8293.8681640625,8314.2314453125,7830.7587890625,8104.2265625,17115474183
2019-10-01,8343.2763671875,8343.2763671875,8497.6923828125,8232.6796875,8299.720703125,15305343413
2019-10-02,8393.0419921875,8393.0419921875,8393.0419921875,8227.6953125,8344.212890625,13125712443
2019-10-03,8259.9921875,8259.9921875,8414.2275390625,8146.43701171875,8390.7744140625,13668823409
2019-10-04,8205.939453125,8205.939453125,8260.0556640625,8151.23681640625,8259.494140625,13139456229
2019-10-05,8151.50048828125,8151.50048828125,8215.5263671875,8071.12060546875,8210.1494140625,12200497197
2019-10-06,7988.15576171875,7988.15576171875,8161.41015625,7958.8505859375,8149.876953125,13160830305
2019-10-07,8245.623046875,8245.623046875,8308.4501953125,7905.76611328125,7989.12060546875,18009742607
2019-10-08,8228.783203125,8228.783203125,8332.71484375,8185.76318359375,8246.849609375,15592264032
2019-10-09,8595.740234375,8595.740234375,8627.7060546875,8169.298828125,8229.8408203125,19384942333
2019-10-10,8586.4736328125,8586.4736328125,8625.2724609375,8471.93359375,8585.2802734375,17618660671
2019-10-11,8321.7568359375,8321.7568359375,8721.7802734375,8316.181640625,8585.2626953125,19604381101
2019-10-12,8336.5556640625,8336.5556640625,8415.2421875,8313.3408203125,8315.6650390625,14532641605
2019-10-13,8321.005859375,8321.005859375,8470.98828125,8276.6123046875,8336.90234375,13808286059
2019-10-14,8374.6865234375,8374.6865234375,8390.208984375,8284.130859375,8320.83203125,15151387859
2019-10-15,8205.369140625,8205.369140625,8410.71484375,8182.70654296875,8373.4580078125,15220412632
2019-10-16,8047.52685546875,8047.52685546875,8216.8125,7985.08984375,8204.6748046875,16071646996
2019-10-17,8103.9111328125,8103.9111328125,8134.83154296875,8000.94287109375,8047.8125,14313052244
2019-10-18,7973.20751953125,7973.20751953125,8138.41357421875,7902.1640625,8100.93359375,15651592610
2019-10-19,7988.560546875,7988.560546875,8082.62939453125,7944.77685546875,7973.8037109375,13797825640
2019-10-20,8222.078125,8222.078125,8281.818359375,7949.439453125,7997.80712890625,15504249442
2019-10-21,8243.720703125,8243.720703125,8296.6943359375,8196.416015625,8225.115234375,15868748866
2019-10-22,8078.203125,8078.203125,8296.6513671875,8074.462890625,8243.40234375,16803377857
2019-10-23,7514.671875,7514.671875,8092.99951171875,7469.32275390625,8076.228515625,21942878958
2019-10-24,7493.48876953125,7493.48876953125,7532.86767578125,7446.98876953125,7509.72802734375,16268708849
2019-10-25,8660.7001953125,8660.7001953125,8691.5400390625,7479.984375,7490.703125,28705065488
2019-10-26,9244.97265625,9244.97265625,10021.744140625,8662.6220703125,8667.5771484375,44496255609
2019-10-27,9551.71484375,9551.71484375,9749.529296875,9112.5419921875,9241.70703125,32593129501
2019-10-28,9256.1484375,9256.1484375,9805.1181640625,9256.1484375,9565.1015625,30948255332
2019-10-29,9427.6875,9427.6875,9516.1806640625,9232.6484375,9248.4404296875,28426779937
2019-10-30,9205.7265625,9205.7265625,9426.8740234375,9085.3701171875,9422.462890625,27706531577
2019-10-31,9199.5849609375,9199.5849609375,9383.1611328125,9028.7177734375,9202.4580078125,26583653947
2019-11-01,9261.1044921875,9261.1044921875,9275.6572265625,9132.0478515625,9193.9921875,24324691031
2019-11-02,9324.7177734375,9324.7177734375,9377.486328125,9249.587890625,9259.783203125,21242676385
2019-11-03,9235.3544921875,9235.3544921875,9379.806640625,9141.251953125,9324.787109375,21132220847
2019-11-04,9412.6123046875,9412.6123046875,9505.0517578125,9191.4853515625,9235.607421875,26170255634
2019-11-05,9342.52734375,9342.52734375,9457.41796875,9256.931640625,9413.0048828125,26198609048
2019-11-06,9360.8798828125,9360.8798828125,9423.2373046875,9305.9091796875,9340.8642578125,23133895765
2019-11-07,9267.5615234375,9267.5615234375,9368.4765625,9202.353515625,9352.3935546875,22700383839
2019-11-08,8804.880859375,8804.880859375,9272.759765625,8775.5341796875,9265.3681640625,24333037836
2019-11-09,8813.58203125,8813.58203125,8891.818359375,8793.1630859375,8809.46875,17578630606
2019-11-10,9055.5263671875,9055.5263671875,9103.826171875,8806.162109375,8812.4892578125,20587919881
2019-11-11,8757.7880859375,8757.7880859375,9081.279296875,8700.6083984375,9056.91796875,20265510765
2019-11-12,8815.662109375,8815.662109375,8853.7685546875,8685.427734375,8759.751953125,20309769107
2019-11-13,8808.2626953125,8808.2626953125,8836.841796875,8761.6513671875,8812.033203125,17545755405
2019-11-14,8708.0947265625,8708.0947265625,8826.943359375,8692.5517578125,8811.9365234375,19084739975
2019-11-15,8491.9921875,8491.9921875,8730.873046875,8484.84375,8705.7080078125,21796856471
2019-11-16,8550.7607421875,8550.7607421875,8591.9970703125,8473.9736328125,8491.166015625,16495389808
2019-11-17,8577.9755859375,8577.9755859375,8727.7890625,8500.9677734375,8549.470703125,18668638897
2019-11-18,8309.2861328125,8309.2861328125,8653.2802734375,8273.5732421875,8573.98046875,21579470673
2019-11-19,8206.1455078125,8206.1455078125,8408.5166015625,8099.96337890625,8305.134765625,21083613816
2019-11-20,8027.26806640625,8027.26806640625,8237.240234375,8010.51171875,8203.61328125,20764300437
2019-11-21,7642.75,7642.75,8110.09814453125,7597.3818359375,8023.64453125,22514243371
2019-11-22,7296.57763671875,7296.57763671875,7697.3828125,6936.70654296875,7643.5693359375,34242315785
2019-11-23,7397.796875,7397.796875,7442.2587890625,7151.41796875,7296.16455078125,21008924418
2019-11-24,7047.9169921875,7047.9169921875,7408.5771484375,7029.2890625,7398.6337890625,30433517289
2019-11-25,7146.1337890625,7146.1337890625,7319.85693359375,6617.1669921875,7039.97705078125,42685231262
2019-11-26,7218.37109375,7218.37109375,7320.23046875,7098.572265625,7145.1591796875,21129505542
2019-11-27,7531.66357421875,7531.66357421875,7619.693359375,6974.17431640625,7220.880859375,23991412764
2019-11-28,7463.10595703125,7463.10595703125,7730.07275390625,7454.12158203125,7536.8203125,19050116751
2019-11-29,7761.24365234375,7761.24365234375,7781.1796875,7460.75634765625,7466.72705078125,19709695456
2019-11-30,7569.6298828125,7569.6298828125,7836.10205078125,7515.849609375,7764.05712890625,17158194786
2019-12-01,7424.29248046875,7424.29248046875,7571.6162109375,7291.341796875,7571.6162109375,18720708479
2019-12-02,7321.98828125,7321.98828125,7474.81884765625,7233.3994140625,7424.0361328125,17082040706
2019-12-03,7320.1455078125,7320.1455078125,7418.85888671875,7229.35693359375,7323.9755859375,14797485769
2019-12-04,7252.03466796875,7252.03466796875,7539.78466796875,7170.9228515625,7320.125,21664240918
2019-12-05,7448.3076171875,7448.3076171875,7743.431640625,7232.6767578125,7253.24169921875,18816085231
2019-12-06,7546.99658203125,7546.99658203125,7546.99658203125,7392.17529296875,7450.5615234375,18104466307
2019-12-07,7556.23779296875,7556.23779296875,7589.95166015625,7525.71142578125,7547.265625,15453520564
2019-12-08,7564.34521484375,7564.34521484375,7634.6064453125,7476.09130859375,7551.3388671875,15409908086
2019-12-09,7400.8994140625,7400.8994140625,7618.091796875,7365.9853515625,7561.79541015625,17872021272
2019-12-10,7278.11962890625,7278.11962890625,7424.02294921875,7246.0439453125,7397.13427734375,18249031195
2019-12-11,7217.42724609375,7217.42724609375,7324.15625,7195.52734375,7277.19775390625,16350490689
2019-12-12,7243.13427734375,7243.13427734375,7266.6396484375,7164.7412109375,7216.73876953125,18927080224
2019-12-13,7269.6845703125,7269.6845703125,7293.560546875,7227.12255859375,7244.662109375,17125736940
2019-12-14,7124.673828125,7124.673828125,7308.83642578125,7097.208984375,7268.90283203125,17137029730
2019-12-15,7152.3017578125,7152.3017578125,7181.07568359375,6924.3759765625,7124.23974609375,16881129804
2019-12-16,6932.48046875,6932.48046875,7171.1689453125,6903.6826171875,7153.6630859375,20213265950
2019-12-17,6640.51513671875,6640.51513671875,6964.0751953125,6587.97412109375,6931.3154296875,22363804217
2019-12-18,7276.802734375,7276.802734375,7324.98486328125,6540.04931640625,6647.6982421875,31836522778
2019-12-19,7202.84423828125,7202.84423828125,7346.6025390625,7041.3818359375,7277.5908203125,25904604416
2019-12-20,7218.81640625,7218.81640625,7257.921875,7086.1240234375,7208.63671875,22633815180
2019-12-21,7191.15869140625,7191.15869140625,7223.22607421875,7112.73583984375,7220.59375,19312552168
2019-12-22,7511.5888671875,7511.5888671875,7518.033203125,7167.17919921875,7191.1884765625,23134537956
2019-12-23,7355.62841796875,7355.62841796875,7656.17626953125,7326.1923828125,7508.90234375,27831788041
2019-12-24,7322.5322265625,7322.5322265625,7535.716796875,7269.52880859375,7354.39306640625,22991622105
2019-12-25,7275.15576171875,7275.15576171875,7357.02001953125,7220.9912109375,7325.755859375,21559505149
2019-12-26,7238.966796875,7238.966796875,7388.302734375,7200.38671875,7274.79931640625,22787010034
2019-12-27,7290.08837890625,7290.08837890625,7363.529296875,7189.93408203125,7238.14111328125,22777360996
2019-12-28,7317.990234375,7317.990234375,7399.041015625,7286.9052734375,7289.03125,21365673026
2019-12-29,7422.65283203125,7422.65283203125,7513.9482421875,7279.865234375,7317.6474609375,22445257702
2019-12-30,7292.9951171875,7292.9951171875,7454.82421875,7276.30810546875,7420.27294921875,22874131672
2019-12-31,7193.59912109375,7193.59912109375,7335.2900390625,7169.77783203125,7294.43896484375,21167946112
2020-01-01,7200.17431640625,7200.17431640625,7254.33056640625,7174.9443359375,7194.89208984375,18565664997
2020-01-02,6985.47021484375,6985.47021484375,7212.1552734375,6935.27001953125,7202.55126953125,20802083465
2020-01-03,7344.88427734375,7344.88427734375,7413.71533203125,6914.99609375,6984.4287109375,28111481032
2020-01-04,7410.65673828125,7410.65673828125,7427.3857421875,7309.51416015625,7345.37548828125,18444271275
2020-01-05,7411.3173828125,7411.3173828125,7544.4970703125,7400.53564453125,7410.45166015625,19725074095
2020-01-06,7769.21923828125,7769.21923828125,7781.8671875,7409.29296875,7410.4521484375,23276261598
2020-01-07,8163.6923828125,8163.6923828125,8178.2158203125,7768.2275390625,7768.68212890625,28767291327
2020-01-08,8079.86279296875,8079.86279296875,8396.73828125,7956.7744140625,8161.935546875,31672559265
2020-01-09,7879.0712890625,7879.0712890625,8082.2958984375,7842.40380859375,8082.2958984375,24045990466
2020-01-10,8166.55419921875,8166.55419921875,8166.55419921875,7726.77490234375,7878.3076171875,28714583844
2020-01-11,8037.53759765625,8037.53759765625,8218.359375,8029.64208984375,8162.19091796875,25521165085
2020-01-12,8192.494140625,8192.494140625,8200.0634765625,8009.05908203125,8033.26171875,22903438381
2020-01-13,8144.1943359375,8144.1943359375,8197.7880859375,8079.70068359375,8189.77197265625,22482910688
2020-01-14,8827.7646484375,8827.7646484375,8879.51171875,8140.93310546875,8140.93310546875,44841784107
2020-01-15,8807.0107421875,8807.0107421875,8890.1171875,8657.1875,8825.34375,40102834650
2020-01-16,8723.7861328125,8723.7861328125,8846.4609375,8612.095703125,8812.4814453125,31313981931
2020-01-17,8929.0380859375,8929.0380859375,8958.1220703125,8677.31640625,8725.2099609375,36372139320
2020-01-18,8942.80859375,8942.80859375,9012.1982421875,8827.33203125,8927.2119140625,32337772627
2020-01-19,8706.2451171875,8706.2451171875,9164.3623046875,8620.080078125,8941.4453125,34217320471
2020-01-20,8657.642578125,8657.642578125,8745.5908203125,8560.4736328125,8704.6318359375,26422375678
2020-01-21,8745.89453125,8745.89453125,8755.7060546875,8544.5205078125,8658.9912109375,24097418512
2020-01-22,8680.8759765625,8680.8759765625,8792.994140625,8636.7470703125,8744.2109375,22600204051
2020-01-23,8406.515625,8406.515625,8687.7470703125,8333.6376953125,8680.650390625,25770680779
2020-01-24,8445.4345703125,8445.4345703125,8514.6669921875,8266.8408203125,8405.5673828125,24397913026
2020-01-25,8367.84765625,8367.84765625,8458.453125,8296.21875,8440.119140625,19647331549
2020-01-26,8596.830078125,8596.830078125,8602.4013671875,8325.498046875,8364.41015625,22177678796
2020-01-27,8909.8193359375,8909.8193359375,8977.7265625,8597.30859375,8597.30859375,28647338393
2020-01-28,9358.58984375,9358.58984375,9358.58984375,8908.447265625,8912.5244140625,34398744403
2020-01-29,9316.6298828125,9316.6298828125,9406.431640625,9269.4677734375,9357.470703125,30682598115
2020-01-30,9508.9931640625,9508.9931640625,9553.1259765625,9230.8974609375,9316.0166015625,32378792851
2020-01-31,9350.529296875,9350.529296875,9521.7060546875,9230.7763671875,9508.3134765625,29432489719
2020-02-01,9392.875,9392.875,9439.3232421875,9313.2392578125,9346.357421875,25922656496
2020-02-02,9344.365234375,9344.365234375,9468.7978515625,9217.82421875,9389.8203125,30835736946
2020-02-03,9293.521484375,9293.521484375,9540.3720703125,9248.6337890625,9344.68359375,30934096509
2020-02-04,9180.962890625,9180.962890625,9331.265625,9112.8115234375,9292.841796875,29893183716
2020-02-05,9613.423828125,9613.423828125,9701.2998046875,9163.7041015625,9183.416015625,35222060874
2020-02-06,9729.8017578125,9729.8017578125,9824.619140625,9539.818359375,9617.8212890625,37628823716
2020-02-07,9795.943359375,9795.943359375,9834.716796875,9726.0029296875,9726.0029296875,34522718159
2020-02-08,9865.119140625,9865.119140625,9876.7490234375,9678.91015625,9793.0703125,35172043762
2020-02-09,10116.673828125,10116.673828125,10129.435546875,9850.392578125,9863.89453125,35807884663
2020-02-10,9856.611328125,9856.611328125,10165.765625,9784.5634765625,10115.5595703125,39386548075
2020-02-11,10208.236328125,10208.236328125,10210.052734375,9729.3349609375,9855.8916015625,37648059389
2020-02-12,10326.0546875,10326.0546875,10393.611328125,10202.3876953125,10202.3876953125,43444303830
2020-02-13,10214.3798828125,10214.3798828125,10457.626953125,10116.1611328125,10323.9609375,49356071373
2020-02-14,10312.1162109375,10312.1162109375,10321.99609375,10125.5341796875,10211.55078125,43338264162
2020-02-15,9889.4248046875,9889.4248046875,10341.5556640625,9874.427734375,10313.8564453125,43865054831
2020-02-16,9934.43359375,9934.43359375,10053.96875,9722.38671875,9889.1796875,43374780305
2020-02-17,9690.142578125,9690.142578125,9938.8154296875,9507.6376953125,9936.560546875,45998298413
2020-02-18,10141.99609375,10141.99609375,10161.935546875,9632.3828125,9691.23046875,47271023953
2020-02-19,9633.38671875,9633.38671875,10191.67578125,9611.2236328125,10143.798828125,46992019710
2020-02-20,9608.4755859375,9608.4755859375,9643.216796875,9507.900390625,9629.3251953125,44925260237
2020-02-21,9686.44140625,9686.44140625,9723.0146484375,9589.7431640625,9611.7822265625,40930547513
2020-02-22,9663.181640625,9663.181640625,9698.2314453125,9600.728515625,9687.70703125,35838025154
2020-02-23,9924.515625,9924.515625,9937.404296875,9657.791015625,9663.318359375,41185185761
2020-02-24,9650.1748046875,9650.1748046875,9951.74609375,9537.04296875,9921.5830078125,45080496648
2020-02-25,9341.705078125,9341.705078125,9652.7373046875,9305.021484375,9651.3125,42515259129
2020-02-26,8820.5224609375,8820.5224609375,9354.7783203125,8704.4267578125,9338.2900390625,50420050762
2020-02-27,8784.494140625,8784.494140625,8932.892578125,8577.19921875,8825.09375,45470195695
2020-02-28,8672.455078125,8672.455078125,8890.4560546875,8492.9326171875,8788.728515625,44605450443
2020-02-29,8599.5087890625,8599.5087890625,8775.6318359375,8599.5087890625,8671.212890625,35792392544
2020-03-01,8562.4541015625,8562.4541015625,8726.796875,8471.212890625,8599.7587890625,35349164300
2020-03-02,8869.669921875,8869.669921875,8921.30859375,8532.630859375,8563.2646484375,42857674409
2020-03-03,8787.7861328125,8787.7861328125,8901.5986328125,8704.990234375,8865.3876953125,42386715821
2020-03-04,8755.24609375,8755.24609375,8843.3662109375,8712.431640625,8788.5419921875,34746706368
2020-03-05,9078.7626953125,9078.7626953125,9142.0546875,8757.25390625,8760.28515625,39698054597
2020-03-06,9122.5458984375,9122.5458984375,9167.6953125,9032.0791015625,9078.30859375,40826885651
2020-03-07,8909.9541015625,8909.9541015625,9163.220703125,8890.744140625,9121.6005859375,36216930370
2020-03-08,8108.1162109375,8108.1162109375,8914.34375,8105.2529296875,8908.2060546875,39973102121
2020-03-09,7923.64453125,7923.64453125,8177.79345703125,7690.09814453125,8111.146484375,46936995808
2020-03-10,7909.7294921875,7909.7294921875,8136.9453125,7814.76318359375,7922.14697265625,42213940994
2020-03-11,7911.43017578125,7911.43017578125,7950.814453125,7642.8125,7910.08984375,38682762605
2020-03-12,4970.7880859375,4970.7880859375,7929.1162109375,4860.35400390625,7913.6162109375,53980357243
2020-03-13,5563.70703125,5563.70703125,5838.11474609375,4106.98095703125,5017.8310546875,74156772075
2020-03-14,5200.3662109375,5200.3662109375,5625.2265625,5125.0693359375,5573.07763671875,36154506008
2020-03-15,5392.31494140625,5392.31494140625,5836.64501953125,5169.283203125,5201.06689453125,33997889639
2020-03-16,5014.47998046875,5014.47998046875,5385.2294921875,4575.35791015625,5385.2294921875,45368026430
2020-03-17,5225.62939453125,5225.62939453125,5371.3486328125,4981.9091796875,5002.578125,38622642935
2020-03-18,5238.4384765625,5238.4384765625,5331.833984375,5069.3359375,5227.11376953125,37878801016
2020-03-19,6191.19287109375,6191.19287109375,6329.73583984375,5236.96875,5245.41650390625,51000731797
2020-03-20,6198.7783203125,6198.7783203125,6844.26171875,5865.78173828125,6191.65380859375,54442976103
2020-03-21,6185.06640625,6185.06640625,6378.13525390625,5932.8232421875,6206.521484375,42494390880
2020-03-22,5830.2548828125,5830.2548828125,6359.697265625,5823.7138671875,6185.55810546875,40099664740
2020-03-23,6416.31494140625,6416.31494140625,6443.9345703125,5785.00439453125,5831.37451171875,46491916000
2020-03-24,6734.8037109375,6734.8037109375,6789.02294921875,6411.06640625,6436.642578125,48221910672
2020-03-25,6681.06298828125,6681.06298828125,6892.51123046875,6536.92626953125,6738.716796875,44590107888
2020-03-26,6716.4404296875,6716.4404296875,6735.4638671875,6590.962890625,6675.1708984375,35319797642
2020-03-27,6469.79833984375,6469.79833984375,6793.83642578125,6466.70166015625,6719.38916015625,34585598367
2020-03-28,6242.19384765625,6242.19384765625,6467.5009765625,6117.837890625,6467.25390625,34885225901
2020-03-29,5922.04296875,5922.04296875,6250.46728515625,5920.0859375,6245.62451171875,28373690931
2020-03-30,6429.841796875,6429.841796875,6517.19580078125,5903.234375,5925.53857421875,37101651525
2020-03-31,6438.64453125,6438.64453125,6504.51513671875,6374.162109375,6430.6064453125,32786468812
2020-04-01,6606.7763671875,6606.7763671875,6612.57373046875,6202.37353515625,6437.3193359375,40346426266
2020-04-02,6793.62451171875,6793.62451171875,7088.24755859375,6595.91845703125,6606.7763671875,47660646124
2020-04-03,6733.38720703125,6733.38720703125,7003.220703125,6673.3359375,6797.396484375,38976504903
2020-04-04,6867.52734375,6867.52734375,6878.95361328125,6696.48486328125,6738.3828125,33185988584
2020-04-05,6791.12939453125,6791.12939453125,6883.4140625,6715.92919921875,6862.53759765625,29510409856
2020-04-06,7271.78125,7271.78125,7271.78125,6782.8896484375,6788.0498046875,46896904615
2020-04-07,7176.41455078125,7176.41455078125,7427.939453125,7136.71435546875,7273.64404296875,44243482668
2020-04-08,7334.0986328125,7334.0986328125,7356.2236328125,7153.3056640625,7179.283203125,37563249549
2020-04-09,7302.08935546875,7302.08935546875,7341.4482421875,7179.09423828125,7337.96630859375,34815139178
2020-04-10,6865.4931640625,6865.4931640625,7303.8154296875,6802.47509765625,7303.8154296875,43622840992
2020-04-11,6859.0830078125,6859.0830078125,6926.06982421875,6789.9208984375,6867.4404296875,31222085946
2020-04-12,6971.091796875,6971.091796875,7119.947265625,6811.078125,6858.06787109375,35759567632
2020-04-13,6845.03759765625,6845.03759765625,6965.61669921875,6668.259765625,6965.61669921875,38619308647
2020-04-14,6842.427734375,6842.427734375,6958.55712890625,6793.8212890625,6843.28173828125,34110434052
2020-04-15,6642.10986328125,6642.10986328125,6928.66455078125,6633.40283203125,6845.5615234375,32288311031
2020-04-16,7116.80419921875,7116.80419921875,7134.45068359375,6555.50439453125,6640.4541015625,46783242377
2020-04-17,7096.1845703125,7096.1845703125,7167.18310546875,7050.33203125,7116.552734375,32513423567
2020-04-18,7257.6650390625,7257.6650390625,7269.95654296875,7089.2470703125,7092.29150390625,32447188386
2020-04-19,7189.4248046875,7189.4248046875,7280.52197265625,7167.0546875,7260.92236328125,31311210215
2020-04-20,6881.95849609375,6881.95849609375,7240.29052734375,6835.5029296875,7186.87353515625,37747113936
2020-04-21,6880.3232421875,6880.3232421875,6934.5517578125,6834.4423828125,6879.7841796875,32589741511
2020-04-22,7117.20751953125,7117.20751953125,7145.86572265625,6867.78173828125,6879.4404296875,33249153866
2020-04-23,7429.724609375,7429.724609375,7491.78515625,7081.5947265625,7121.30615234375,43500782316
2020-04-24,7550.90087890625,7550.90087890625,7574.19580078125,7434.181640625,7434.181640625,34636526286
2020-04-25,7569.93603515625,7569.93603515625,7641.36376953125,7521.67236328125,7550.48291015625,32941541447
2020-04-26,7679.8671875,7679.8671875,7700.59423828125,7561.40771484375,7570.13916015625,33070154491
2020-04-27,7795.60107421875,7795.60107421875,7795.60107421875,7679.4189453125,7679.4189453125,36162144725
2020-04-28,7807.05859375,7807.05859375,7814.52734375,7730.806640625,7796.97021484375,33187959921
2020-04-29,8801.0380859375,8801.0380859375,8871.75390625,7786.04931640625,7806.71240234375,60201052203
2020-04-30,8658.5537109375,8658.5537109375,9440.650390625,8533.255859375,8797.669921875,66964629541
2020-05-01,8864.7666015625,8864.7666015625,9048.0234375,8667.763671875,8672.7822265625,44068389997
2020-05-02,8988.5966796875,8988.5966796875,9007.1875,8811.3662109375,8869.0576171875,40134388683
2020-05-03,8897.46875,8897.46875,9167.78125,8830.9716796875,8983.6142578125,47101785174
2020-05-04,8912.654296875,8912.654296875,8956.90625,8645.0244140625,8895.7451171875,45718796276
2020-05-05,9003.0703125,9003.0703125,9062.4150390625,8856.8271484375,8912.83203125,43148462663
2020-05-06,9268.76171875,9268.76171875,9411.4677734375,8966.7060546875,9007.44140625,49371886931
2020-05-07,9951.5185546875,9951.5185546875,9992.6640625,9138.322265625,9261.8955078125,61112700562
2020-05-08,9842.666015625,9842.666015625,9996.7431640625,9767.1728515625,9936.162109375,51780748042
2020-05-09,9593.896484375,9593.896484375,9913.86328125,9580.64453125,9840.90625,46566121841
2020-05-10,8756.4306640625,8756.4306640625,9595.5810546875,8395.107421875,9591.1689453125,63325279337
2020-05-11,8601.7958984375,8601.7958984375,9033.470703125,8374.3232421875,8755.53515625,57119858802
2020-05-12,8804.4775390625,8804.4775390625,8949.8984375,8569.6435546875,8610.3857421875,42142717533
2020-05-13,9269.9873046875,9269.9873046875,9317.87890625,8805.3876953125,8805.3876953125,45558144023
2020-05-14,9733.7216796875,9733.7216796875,9793.2685546875,9255.03515625,9271.3291015625,56426907637
2020-05-15,9328.197265625,9328.197265625,9755.828125,9261.3984375,9734.291015625,48158802327
2020-05-16,9377.013671875,9377.013671875,9564.205078125,9260.6943359375,9333.240234375,36164766408
2020-05-17,9670.7392578125,9670.7392578125,9823.001953125,9349.5458984375,9374.9296875,40084250663
2020-05-18,9726.5751953125,9726.5751953125,9906.0302734375,9570.359375,9675.6953125,41827139896
2020-05-19,9729.0380859375,9729.0380859375,9836.0478515625,9539.6240234375,9727.0634765625,39254288955
2020-05-20,9522.9814453125,9522.9814453125,9804.7939453125,9447.201171875,9725.3291015625,36546239703
2020-05-21,9081.76171875,9081.76171875,9555.2421875,8869.9306640625,9522.740234375,39326160532
2020-05-22,9182.5771484375,9182.5771484375,9232.9365234375,9008.638671875,9080.3349609375,29810773699
2020-05-23,9209.287109375,9209.287109375,9302.501953125,9118.1083984375,9185.0625,27727866812
2020-05-24,8790.3681640625,8790.3681640625,9288.404296875,8787.2509765625,9212.283203125,32518803300
2020-05-25,8906.9345703125,8906.9345703125,8951.005859375,8719.66796875,8786.107421875,31288157264
2020-05-26,8835.052734375,8835.052734375,8991.9677734375,8757.2939453125,8909.5859375,29584186947
2020-05-27,9181.017578125,9181.017578125,9203.3203125,8834.1572265625,8837.380859375,32740536902
2020-05-28,9525.7509765625,9525.7509765625,9546.3193359375,9148.45703125,9184.9453125,34367073114
2020-05-29,9439.1240234375,9439.1240234375,9573.6669921875,9379.3388671875,9528.35546875,32896642044
2020-05-30,9700.4140625,9700.4140625,9704.0302734375,9366.7294921875,9438.9140625,32722975141
2020-05-31,9461.05859375,9461.05859375,9700.34375,9432.296875,9700.10546875,27773290299
2020-06-01,10167.2685546875,10167.2685546875,10199.5654296875,9450.8994140625,9463.60546875,35198901068
2020-06-02,9529.8037109375,9529.8037109375,10182.3408203125,9460.5712890625,10162.9736328125,39137252109
2020-06-03,9656.7177734375,9656.7177734375,9682.859375,9471.8466796875,9533.7607421875,25007459262
2020-06-04,9800.63671875,9800.63671875,9887.6103515625,9525.2470703125,9655.8544921875,25921805072
2020-06-05,9665.533203125,9665.533203125,9869.2373046875,9663.216796875,9800.2158203125,23509628646
2020-06-06,9653.6796875,9653.6796875,9773.431640625,9591.0244140625,9664.904296875,20438419222
2020-06-07,9758.8525390625,9758.8525390625,9768.498046875,9458.150390625,9653.0029296875,25015250846
2020-06-08,9771.4892578125,9771.4892578125,9782.306640625,9675.8857421875,9760.0634765625,21486346312
2020-06-09,9795.7001953125,9795.7001953125,9836.369140625,9664.7197265625,9774.3603515625,23717842783
2020-06-10,9870.0947265625,9870.0947265625,9908.896484375,9728.291015625,9794.119140625,25706567601
2020-06-11,9321.78125,9321.78125,9938.2978515625,9263.0693359375,9870.078125,30247143440
2020-06-12,9480.84375,9480.84375,9540.4658203125,9285.8515625,9320.6904296875,22610564515
2020-06-13,9475.27734375,9475.27734375,9493.2119140625,9396.009765625,9480.7353515625,17564322315
2020-06-14,9386.7880859375,9386.7880859375,9482.2705078125,9347.59375,9477.5537109375,18991732746
2020-06-15,9450.7021484375,9450.7021484375,9504.8603515625,8990.17578125,9386.03515625,26699704768
2020-06-16,9538.0244140625,9538.0244140625,9579.4306640625,9400.4453125,9454.2666015625,21565537209
2020-06-17,9480.2548828125,9480.2548828125,9540.4228515625,9327.33984375,9533.7841796875,20177709879
2020-06-18,9411.8408203125,9411.8408203125,9482.7822265625,9328.3955078125,9481.5673828125,17770083003
2020-06-19,9288.0185546875,9288.0185546875,9440.8759765625,9274.2958984375,9410.2939453125,19632223107
2020-06-20,9332.3408203125,9332.3408203125,9394.9716796875,9247.3798828125,9290.9599609375,17130541557
2020-06-21,9303.6298828125,9303.6298828125,9401.107421875,9300.4306640625,9330.9267578125,15324301169
2020-06-22,9648.7177734375,9648.7177734375,9655.0732421875,9296.8720703125,9300.9150390625,21104009514
2020-06-23,9629.658203125,9629.658203125,9670.541015625,9547.2470703125,9644.076171875,17006433272
2020-06-24,9313.6103515625,9313.6103515625,9680.3671875,9278.2333984375,9632.1494140625,18961716076
2020-06-25,9264.8134765625,9264.8134765625,9340.1611328125,9095.32421875,9314.126953125,18616048626
2020-06-26,9162.91796875,9162.91796875,9310.5166015625,9101.73828125,9260.9951171875,18341465837
2020-06-27,9045.390625,9045.390625,9207.810546875,8998.216796875,9167.82421875,17273093144
2020-06-28,9143.58203125,9143.58203125,9197.546875,8975.525390625,9048.4609375,14560870760
2020-06-29,9190.8544921875,9190.8544921875,9237.5732421875,9041.8759765625,9140.029296875,16460547078
2020-06-30,9137.9931640625,9137.9931640625,9217.8359375,9084.837890625,9185.5810546875,15735797744
2020-07-01,9228.3251953125,9228.3251953125,9309.7548828125,9104.7353515625,9145.9853515625,15971550355
2020-07-02,9123.41015625,9123.41015625,9274.962890625,9036.623046875,9231.1396484375,16338916796
2020-07-03,9087.3037109375,9087.3037109375,9202.3447265625,9058.794921875,9124.8427734375,13078970999
2020-07-04,9132.48828125,9132.48828125,9183.2958984375,9053.6298828125,9084.2333984375,12290528515
2020-07-05,9073.9423828125,9073.9423828125,9162.18359375,8977.015625,9126.0908203125,12903406143
2020-07-06,9375.474609375,9375.474609375,9375.474609375,9058.6640625,9072.849609375,17889263252
2020-07-07,9252.27734375,9252.27734375,9360.6171875,9201.8154296875,9349.1611328125,13839652595
2020-07-08,9428.3330078125,9428.3330078125,9450.3359375,9249.5,9253.0205078125,19702359883
2020-07-09,9277.9677734375,9277.9677734375,9431.37890625,9234.9990234375,9427.994140625,18000702524
2020-07-10,9278.8076171875,9278.8076171875,9287.4716796875,9118.001953125,9273.357421875,16860035605
2020-07-11,9240.3466796875,9240.3466796875,9293.5322265625,9199.4853515625,9277.51171875,13249910444
2020-07-12,9276.5,9276.5,9319.4189453125,9197.4501953125,9241.0546875,14452361907
2020-07-13,9243.6142578125,9243.6142578125,9306.4052734375,9224.29296875,9277.205078125,17519821266
2020-07-14,9243.2138671875,9243.2138671875,9283.841796875,9171.6611328125,9238.703125,18085038362
2020-07-15,9192.8369140625,9192.8369140625,9275.3251953125,9171.93359375,9241.8974609375,15844731575
2020-07-16,9132.2275390625,9132.2275390625,9214.3125,9088.947265625,9191.98046875,15713967523
2020-07-17,9151.392578125,9151.392578125,9182.25390625,9089.2021484375,9131.8125,13944570749
2020-07-18,9159.0400390625,9159.0400390625,9230.9833984375,9100.82421875,9151.18359375,12252601475
2020-07-19,9185.8173828125,9185.8173828125,9201.3984375,9097.6328125,9158.005859375,12939002784
2020-07-20,9164.2314453125,9164.2314453125,9214.2705078125,9137.509765625,9187.220703125,13755604146
2020-07-21,9374.8876953125,9374.8876953125,9407.2626953125,9149.3896484375,9162.5146484375,18069581956
2020-07-22,9525.36328125,9525.36328125,9530.5185546875,9319.6533203125,9375.080078125,16532254884
2020-07-23,9581.072265625,9581.072265625,9610.2470703125,9483.00390625,9527.1416015625,18146399002
2020-07-24,9536.892578125,9536.892578125,9623.3369140625,9481.4541015625,9585.5146484375,16552768325
2020-07-25,9677.11328125,9677.11328125,9704.556640625,9530.2119140625,9539.4853515625,16610070933
2020-07-26,9905.1669921875,9905.1669921875,10023.8076171875,9652.84765625,9680.234375,20507998997
2020-07-27,10990.873046875,10990.873046875,11298.2216796875,9903.9697265625,9905.2177734375,35359749590
2020-07-28,10912.8232421875,10912.8232421875,11204.3271484375,10632.6318359375,11017.4638671875,28766551142
2020-07-29,11100.4677734375,11100.4677734375,11304.3974609375,10856.1416015625,10912.953125,24617249715
2020-07-30,11111.2138671875,11111.2138671875,11169.3564453125,10895.455078125,11099.8330078125,22857247901
2020-07-31,11323.466796875,11323.466796875,11415.8642578125,10987.0537109375,11110.2109375,23160469766
2020-08-01,11759.5927734375,11759.5927734375,11794.775390625,11239.6826171875,11322.5703125,26075670303
2020-08-02,11053.6142578125,11053.6142578125,12034.14453125,11018.1298828125,11758.7646484375,27410067336
2020-08-03,11246.3486328125,11246.3486328125,11453.0791015625,11012.4150390625,11043.7685546875,20271713443
2020-08-04,11205.892578125,11205.892578125,11385.3818359375,11094.1455078125,11246.203125,21250197042
2020-08-05,11747.0224609375,11747.0224609375,11786.6171875,11158.28515625,11203.8232421875,24411254471
2020-08-06,11779.7734375,11779.7734375,11902.3359375,11598.7138671875,11749.87109375,23400740340
2020-08-07,11601.47265625,11601.47265625,11898.0380859375,11408.59375,11778.89453125,23132312867
2020-08-08,11754.0458984375,11754.0458984375,11800.064453125,11558.431640625,11604.5537109375,17572057837
2020-08-09,11675.7392578125,11675.7392578125,11806.056640625,11548.7841796875,11737.3251953125,17489608833
2020-08-10,11878.111328125,11878.111328125,12045.140625,11662.2568359375,11662.2568359375,26114112569
2020-08-11,11410.525390625,11410.525390625,11932.7109375,11195.708984375,11881.6474609375,27039782640
2020-08-12,11584.9345703125,11584.9345703125,11748.396484375,11249.60546875,11404.5966796875,25064548486
2020-08-13,11784.1376953125,11784.1376953125,11796.396484375,11216.8720703125,11588.4052734375,27522199497
2020-08-14,11768.87109375,11768.87109375,12150.994140625,11685.455078125,11772.6591796875,24237958589
2020-08-15,11865.6982421875,11865.6982421875,11963.203125,11768.697265625,11768.697265625,23354924400
2020-08-16,11892.8037109375,11892.8037109375,11934.9013671875,11737.1884765625,11866.685546875,20583375490
2020-08-17,12254.40234375,12254.40234375,12359.056640625,11806.6962890625,11895.658203125,28227687027
2020-08-18,11991.2333984375,11991.2333984375,12335.70703125,11954.525390625,12251.8955078125,26043227672
2020-08-19,11758.283203125,11758.283203125,12028.923828125,11687.3330078125,11990.884765625,24502851117
2020-08-20,11878.3720703125,11878.3720703125,11900.4111328125,11710.0634765625,11761.5,20175242945
2020-08-21,11592.4892578125,11592.4892578125,11899.259765625,11564.9794921875,11878.0263671875,23762425999
2020-08-22,11681.8251953125,11681.8251953125,11689.4072265625,11448.8056640625,11585.4775390625,20224191306
2020-08-23,11664.84765625,11664.84765625,11713.4296875,11559.9208984375,11679.6962890625,18482062658
2020-08-24,11774.595703125,11774.595703125,11807.6318359375,11623.25,11663.689453125,20681511755
2020-08-25,11366.134765625,11366.134765625,11778.2998046875,11189.8505859375,11773.5888671875,26301509932
2020-08-26,11488.36328125,11488.36328125,11530.052734375,11296.9931640625,11366.89453125,22466660958
2020-08-27,11323.3974609375,11323.3974609375,11570.7861328125,11185.94140625,11485.6083984375,23240415076
2020-08-28,11542.5,11542.5,11545.615234375,11316.4228515625,11325.2958984375,19807127588
2020-08-29,11506.865234375,11506.865234375,11585.640625,11466.29296875,11541.0546875,17485597759
2020-08-30,11711.505859375,11711.505859375,11715.2646484375,11492.3818359375,11508.7138671875,19760127945
2020-08-31,11680.8203125,11680.8203125,11768.876953125,11598.318359375,11713.306640625,22285928250
2020-09-01,11970.478515625,11970.478515625,12067.0810546875,11601.12890625,11679.31640625,27311555343
2020-09-02,11414.0341796875,11414.0341796875,11964.8232421875,11290.7939453125,11964.8232421875,28037405299
2020-09-03,10245.296875,10245.296875,11443.0224609375,10182.46484375,11407.19140625,31927261555
2020-09-04,10511.8134765625,10511.8134765625,10663.919921875,10207.9404296875,10230.365234375,29965130374
2020-09-05,10169.5673828125,10169.5673828125,10581.5712890625,9946.67578125,10512.5302734375,44916565292
2020-09-06,10280.3515625,10280.3515625,10353.927734375,10056.8857421875,10167.216796875,37071460174
2020-09-07,10369.5634765625,10369.5634765625,10399.1533203125,9916.4931640625,10280.998046875,33703098409
2020-09-08,10131.5166015625,10131.5166015625,10414.775390625,9945.1103515625,10369.306640625,33430927462
2020-09-09,10242.34765625,10242.34765625,10350.54296875,10017.2509765625,10134.1513671875,24128292755
2020-09-10,10363.138671875,10363.138671875,10503.912109375,10238.1357421875,10242.330078125,54406443211
2020-09-11,10400.9150390625,10400.9150390625,10434.9228515625,10140.8369140625,10369.0283203125,45201121775
2020-09-12,10442.1708984375,10442.1708984375,10578.837890625,10292.38671875,10409.861328125,36750077324
2020-09-13,10323.755859375,10323.755859375,10577.21484375,10224.330078125,10452.3994140625,36506852789
2020-09-14,10680.837890625,10680.837890625,10800.0107421875,10266.0087890625,10328.734375,35453581940
2020-09-15,10796.951171875,10796.951171875,10938.6318359375,10656.4599609375,10677.7548828125,32509451925
2020-09-16,10974.9052734375,10974.9052734375,11100.1240234375,10704.884765625,10797.76171875,30769986455
2020-09-17,10948.990234375,10948.990234375,11037.4208984375,10774.6279296875,10973.251953125,38151810523
2020-09-18,10944.5859375,10944.5859375,11034.908203125,10829.6572265625,10951.8203125,26341903912
2020-09-19,11094.3466796875,11094.3466796875,11134.0927734375,10909.6181640625,10933.7529296875,22764204008
2020-09-20,10938.271484375,10938.271484375,11095.8701171875,10814.4775390625,11095.8701171875,24699523788
2020-09-21,10462.259765625,10462.259765625,10988.3046875,10380.2607421875,10934.92578125,28884999244
2020-09-22,10538.4599609375,10538.4599609375,10568.0771484375,10382.7265625,10459.6240234375,23621787804
2020-09-23,10246.1865234375,10246.1865234375,10537.828125,10197.865234375,10535.4921875,23788661867
2020-09-24,10760.06640625,10760.06640625,10771.056640625,10231.490234375,10248.7861328125,47144380902
2020-09-25,10692.716796875,10692.716796875,10777.6962890625,10578.9140625,10761.109375,39348590957
2020-09-26,10750.7236328125,10750.7236328125,10772.9990234375,10667.28125,10695.5751953125,46852525493
2020-09-27,10775.26953125,10775.26953125,10803.9765625,10622.921875,10746.892578125,53745972818
2020-09-28,10709.65234375,10709.65234375,10945.34765625,10703.8935546875,10776.61328125,47762394731
2020-09-29,10844.640625,10844.640625,10860.0009765625,10649.4951171875,10709.650390625,46582396602
2020-09-30,10784.4912109375,10784.4912109375,10847.2568359375,10669.3212890625,10843.87109375,44171073700
2020-10-01,10619.4521484375,10619.4521484375,10933.6240234375,10472.3564453125,10795.2548828125,40023134100
2020-10-02,10575.974609375,10575.974609375,10657.837890625,10416.689453125,10619.8212890625,48661453918
2020-10-03,10549.3291015625,10549.3291015625,10598.9404296875,10511.1298828125,10575.1005859375,44660271563
2020-10-04,10669.5830078125,10669.5830078125,10686.0,10534.3916015625,10550.4404296875,71251776995
2020-10-05,10793.33984375,10793.33984375,10793.5078125,10634.6005859375,10676.529296875,47537578009
2020-10-06,10604.40625,10604.40625,10797.578125,10528.890625,10796.306640625,42623695307
2020-10-07,10668.96875,10668.96875,10680.5078125,10562.5068359375,10603.35546875,37799458436
2020-10-08,10915.685546875,10915.685546875,10945.7373046875,10562.6064453125,10669.37109375,63314794397
2020-10-09,11064.4580078125,11064.4580078125,11102.671875,10846.8505859375,10927.9130859375,22799117613
2020-10-10,11296.361328125,11296.361328125,11442.2109375,11056.9404296875,11059.142578125,22877978588
2020-10-11,11384.181640625,11384.181640625,11428.8134765625,11288.6279296875,11296.08203125,19968627060
2020-10-12,11555.36328125,11555.36328125,11698.4677734375,11240.6865234375,11392.6357421875,26163972642
2020-10-13,11425.8994140625,11425.8994140625,11548.984375,11321.224609375,11548.7197265625,24241420251
2020-10-14,11429.5068359375,11429.5068359375,11539.9775390625,11307.8310546875,11429.0478515625,24103426719
2020-10-15,11495.349609375,11495.349609375,11569.9140625,11303.603515625,11426.6025390625,24487233058
2020-10-16,11322.123046875,11322.123046875,11540.0615234375,11223.0126953125,11502.828125,25635480772
2020-10-17,11358.1015625,11358.1015625,11386.26171875,11285.345703125,11322.123046875,19130430174
2020-10-18,11483.359375,11483.359375,11483.359375,11347.578125,11355.982421875,18283314340
2020-10-19,11742.037109375,11742.037109375,11799.0927734375,11408.2900390625,11495.0380859375,23860769928
2020-10-20,11916.3349609375,11916.3349609375,11999.91796875,11681.48046875,11745.974609375,30915821592
2020-10-21,12823.689453125,12823.689453125,13184.56640625,11900.9287109375,11913.0771484375,43414712626
2020-10-22,12965.8916015625,12965.8916015625,13161.59375,12717.09375,12801.6357421875,34729759598
2020-10-23,12931.5390625,12931.5390625,13015.9619140625,12752.6474609375,12971.548828125,28974975003
2020-10-24,13108.0625,13108.0625,13145.06640625,12885.7470703125,12931.57421875,24542317940
2020-10-25,13031.173828125,13031.173828125,13329.18359375,12910.0615234375,13108.0634765625,24406920575
2020-10-26,13075.248046875,13075.248046875,13225.2978515625,12822.3828125,13031.201171875,29461458313
2020-10-27,13654.21875,13654.21875,13759.6689453125,13060.837890625,13075.2421875,33749878156
2020-10-28,13271.28515625,13271.28515625,13837.6953125,12932.2509765625,13654.21484375,35867318895
2020-10-29,13437.8828125,13437.8828125,13612.0478515625,12980.0595703125,13271.298828125,56499499598
2020-10-30,13546.5224609375,13546.5224609375,13651.5166015625,13136.1982421875,13437.8740234375,30581485201
2020-10-31,13780.9951171875,13780.9951171875,14028.2138671875,13457.5302734375,13546.5322265625,30306464719
2020-11-01,13737.109375,13737.109375,13862.033203125,13628.3779296875,13780.9951171875,24453857900
2020-11-02,13550.4892578125,13550.4892578125,13808.3232421875,13243.16015625,13737.0322265625,30771455468
2020-11-03,13950.30078125,13950.30078125,13984.9814453125,13325.44140625,13550.451171875,29869951617
2020-11-04,14133.70703125,14133.70703125,14218.7666015625,13580.4716796875,13950.48828125,35116364962
2020-11-05,15579.8486328125,15579.8486328125,15706.404296875,14102.0888671875,14133.7333984375,40856321439
2020-11-06,15565.880859375,15565.880859375,15903.4375,15226.83984375,15579.7294921875,39837841971
2020-11-07,14833.75390625,14833.75390625,15737.095703125,14423.203125,15565.880859375,35024953706
2020-11-08,15479.5673828125,15479.5673828125,15637.3203125,14744.1103515625,14833.75390625,26632075029
2020-11-09,15332.3154296875,15332.3154296875,15785.13671875,14865.529296875,15479.595703125,34149115566
2020-11-10,15290.90234375,15290.90234375,15450.3291015625,15124.9599609375,15332.3505859375,25574938143
2020-11-11,15701.33984375,15701.33984375,15916.2607421875,15290.0068359375,15290.9091796875,29772374934
2020-11-12,16276.34375,16276.34375,16305.00390625,15534.771484375,15701.298828125,34175758344
2020-11-13,16317.80859375,16317.80859375,16463.177734375,15992.15234375,16276.4404296875,31599492172
2020-11-14,16068.138671875,16068.138671875,16317.80859375,15749.193359375,16317.80859375,27481710135
2020-11-15,15955.587890625,15955.587890625,16123.1103515625,15793.5341796875,16068.1396484375,23653867583
2020-11-16,16716.111328125,16716.111328125,16816.181640625,15880.7060546875,15955.5771484375,31526766675
2020-11-17,17645.40625,17645.40625,17782.919921875,16564.544921875,16685.69140625,39006849170
2020-11-18,17804.005859375,17804.005859375,18393.94921875,17352.90625,17645.19140625,49064800278
2020-11-19,17817.08984375,17817.08984375,18119.546875,17382.5546875,17803.861328125,36985055355
2020-11-20,18621.314453125,18621.314453125,18773.2265625,17765.794921875,17817.083984375,36992873940
2020-11-21,18642.232421875,18642.232421875,18936.62109375,18444.359375,18621.31640625,39650210707
2020-11-22,18370.001953125,18370.001953125,18688.96875,17671.384765625,18642.232421875,41280434226
2020-11-23,18364.12109375,18364.12109375,18711.42578125,18000.796875,18370.017578125,42741112308
2020-11-24,19107.46484375,19107.46484375,19348.271484375,18128.65625,18365.015625,51469565009
2020-11-25,18732.12109375,18732.12109375,19390.96484375,18581.146484375,19104.41015625,43710357371
2020-11-26,17150.623046875,17150.623046875,18866.28515625,16351.03515625,18729.83984375,61396835737
2020-11-27,17108.40234375,17108.40234375,17445.0234375,16526.423828125,17153.9140625,38886494645
2020-11-28,17717.4140625,17717.4140625,17853.939453125,16910.65234375,17112.93359375,32601040734
2020-11-29,18177.484375,18177.484375,18283.62890625,17559.1171875,17719.634765625,31133957704
2020-11-30,19625.8359375,19625.8359375,19749.263671875,18178.322265625,18178.322265625,47728480399
2020-12-01,18802.998046875,18802.998046875,19845.974609375,18321.921875,19633.76953125,49633658712
2020-12-02,19201.091796875,19201.091796875,19308.330078125,18347.71875,18801.744140625,37387697139
2020-12-03,19445.3984375,19445.3984375,19566.19140625,18925.78515625,19205.92578125,31930317405
2020-12-04,18699.765625,18699.765625,19511.404296875,18697.193359375,19446.966796875,33872388058
2020-12-05,19154.23046875,19154.23046875,19160.44921875,18590.193359375,18698.384765625,27242455064
2020-12-06,19345.12109375,19345.12109375,19390.5,18897.89453125,19154.1796875,25293775714
2020-12-07,19191.630859375,19191.630859375,19411.828125,18931.142578125,19343.12890625,26896357742
2020-12-08,18321.14453125,18321.14453125,19283.478515625,18269.9453125,19191.529296875,31692288756
2020-12-09,18553.916015625,18553.916015625,18626.29296875,17935.546875,18320.884765625,34420373071
2020-12-10,18264.9921875,18264.9921875,18553.298828125,17957.064453125,18553.298828125,25547132265
2020-12-11,18058.904296875,18058.904296875,18268.453125,17619.533203125,18263.9296875,27919640985
2020-12-12,18803.65625,18803.65625,18919.55078125,18046.041015625,18051.3203125,21752580802
2020-12-13,19142.3828125,19142.3828125,19381.53515625,18734.33203125,18806.765625,25450468637
2020-12-14,19246.64453125,19246.64453125,19305.099609375,19012.708984375,19144.4921875,22473997681
2020-12-15,19417.076171875,19417.076171875,19525.0078125,19079.841796875,19246.919921875,26741982541
2020-12-16,21310.59765625,21310.59765625,21458.908203125,19298.31640625,19418.818359375,44409011479
2020-12-17,22805.162109375,22805.162109375,23642.66015625,21234.67578125,21308.3515625,71378606374
2020-12-18,23137.9609375,23137.9609375,23238.6015625,22399.8125,22806.796875,40387896275
2020-12-19,23869.83203125,23869.83203125,24085.85546875,22826.47265625,23132.865234375,38487546580
2020-12-20,23477.294921875,23477.294921875,24209.66015625,23147.7109375,23861.765625,37844228422
2020-12-21,22803.08203125,22803.08203125,24059.982421875,22159.3671875,23474.455078125,45852713981
2020-12-22,23783.029296875,23783.029296875,23789.90234375,22430.60546875,22794.0390625,44171632681
2020-12-23,23241.345703125,23241.345703125,24024.490234375,22802.646484375,23781.974609375,51146161904
2020-12-24,23735.94921875,23735.94921875,23768.337890625,22777.59765625,23240.203125,41080759713
2020-12-25,24664.791015625,24664.791015625,24710.1015625,23463.673828125,23733.5703125,42068395846
2020-12-26,26437.037109375,26437.037109375,26718.0703125,24522.689453125,24677.015625,48332647295
2020-12-27,26272.294921875,26272.294921875,28288.83984375,25922.76953125,26439.373046875,66479895605
2020-12-28,27084.80859375,27084.80859375,27389.111328125,26207.640625,26280.822265625,49056742893
2020-12-29,27362.4375,27362.4375,27370.720703125,25987.298828125,27081.810546875,45265946774
2020-12-30,28840.953125,28840.953125,28937.740234375,27360.08984375,27360.08984375,51287442704
2020-12-31,29001.720703125,29001.720703125,29244.876953125,28201.9921875,28841.57421875,46754964848
2021-01-01,29374.15234375,29374.15234375,29600.626953125,28803.5859375,28994.009765625,40730301359
2021-01-02,32127.267578125,32127.267578125,33155.1171875,29091.181640625,29376.455078125,67865420765
2021-01-03,32782.0234375,32782.0234375,34608.55859375,32052.31640625,32129.408203125,78665235202
2021-01-04,31971.9140625,31971.9140625,33440.21875,28722.755859375,32810.94921875,81163475344
2021-01-05,33992.4296875,33992.4296875,34437.58984375,30221.1875,31977.041015625,67547324782
2021-01-06,36824.36328125,36824.36328125,36879.69921875,33514.03515625,34013.61328125,75289433811
2021-01-07,39371.04296875,39371.04296875,40180.3671875,36491.19140625,36833.875,84762141031
2021-01-08,40797.609375,40797.609375,41946.73828125,36838.63671875,39381.765625,88107519480
2021-01-09,40254.546875,40254.546875,41436.3515625,38980.875,40788.640625,61984162837
2021-01-10,38356.44140625,38356.44140625,41420.19140625,35984.62890625,40254.21875,79980747690
2021-01-11,35566.65625,35566.65625,38346.53125,30549.599609375,38346.53125,123320567399
2021-01-12,33922.9609375,33922.9609375,36568.52734375,32697.9765625,35516.359375,74773277909
2021-01-13,37316.359375,37316.359375,37599.9609375,32584.66796875,33915.12109375,69364315979
2021-01-14,39187.328125,39187.328125,39966.40625,36868.5625,37325.109375,63615990033
2021-01-15,36825.3671875,36825.3671875,39577.7109375,34659.58984375,39156.70703125,67760757881
2021-01-16,36178.140625,36178.140625,37864.3671875,35633.5546875,36821.6484375,57706187875
2021-01-17,35791.27734375,35791.27734375,36722.3515625,34069.3203125,36163.6484375,52359854336
2021-01-18,36630.07421875,36630.07421875,37299.28515625,34883.84375,35792.23828125,49511702429
2021-01-19,36069.8046875,36069.8046875,37755.890625,36069.8046875,36642.234375,57244195486
2021-01-20,35547.75,35547.75,36378.328125,33570.4765625,36050.11328125,66834573161
2021-01-21,30825.69921875,30825.69921875,35552.6796875,30250.75,35549.3984375,75643067688
2021-01-22,33005.76171875,33005.76171875,33811.8515625,28953.373046875,30817.625,77207272511
2021-01-23,32067.642578125,32067.642578125,33360.9765625,31493.16015625,32985.7578125,48354737975
2021-01-24,32289.37890625,32289.37890625,32944.0078125,31106.685546875,32064.376953125,48643830599
2021-01-25,32366.392578125,32366.392578125,34802.7421875,32087.787109375,32285.798828125,59897054838
2021-01-26,32569.849609375,32569.849609375,32794.55078125,31030.265625,32358.61328125,60255421470
2021-01-27,30432.546875,30432.546875,32564.029296875,29367.138671875,32564.029296875,62576762015
2021-01-28,33466.09765625,33466.09765625,33858.3125,30023.20703125,30441.041015625,76517157706
2021-01-29,34316.38671875,34316.38671875,38406.26171875,32064.814453125,34318.671875,117894572511
2021-01-30,34269.5234375,34269.5234375,34834.70703125,32940.1875,34295.93359375,65141828798
2021-01-31,33114.359375,33114.359375,34288.33203125,32270.17578125,34270.87890625,52754542671
2021-02-01,33537.17578125,33537.17578125,34638.21484375,32384.228515625,33114.578125,61400400660
2021-02-02,35510.2890625,35510.2890625,35896.8828125,33489.21875,33533.19921875,63088585433
2021-02-03,37472.08984375,37472.08984375,37480.1875,35443.984375,35510.8203125,61166818159
2021-02-04,36926.06640625,36926.06640625,38592.17578125,36317.5,37475.10546875,68838074392
2021-02-05,38144.30859375,38144.30859375,38225.90625,36658.76171875,36931.546875,58598066402
2021-02-06,39266.01171875,39266.01171875,40846.546875,38138.38671875,38138.38671875,71326033653
2021-02-07,38903.44140625,38903.44140625,39621.8359375,37446.15234375,39250.19140625,65500641143
2021-02-08,46196.46484375,46196.46484375,46203.9296875,38076.32421875,38886.828125,101467222687
2021-02-09,46481.10546875,46481.10546875,48003.72265625,45166.9609375,46184.9921875,91809846886
2021-02-10,44918.18359375,44918.18359375,47145.56640625,43881.15234375,46469.76171875,87301089896
2021-02-11,47909.33203125,47909.33203125,48463.46875,44187.76171875,44898.7109375,81388911810
2021-02-12,47504.8515625,47504.8515625,48745.734375,46424.9765625,47877.03515625,76555041196
2021-02-13,47105.515625,47105.515625,48047.74609375,46392.28125,47491.203125,70250456155
2021-02-14,48717.2890625,48717.2890625,49487.640625,47114.5078125,47114.5078125,71248675228
2021-02-15,47945.05859375,47945.05859375,48875.5703125,46347.4765625,48696.53515625,77069903166
2021-02-16,49199.87109375,49199.87109375,50341.1015625,47201.3046875,47944.45703125,77049582886
2021-02-17,52149.0078125,52149.0078125,52533.9140625,49072.37890625,49207.27734375,80820545404
2021-02-18,51679.796875,51679.796875,52474.10546875,51015.765625,52140.97265625,52054723579
2021-02-19,55888.1328125,55888.1328125,56113.65234375,50937.27734375,51675.98046875,63495496918
2021-02-20,56099.51953125,56099.51953125,57505.2265625,54626.55859375,55887.3359375,68145460026
2021-02-21,57539.9453125,57539.9453125,58330.5703125,55672.609375,56068.56640625,51897585191
2021-02-22,54207.3203125,54207.3203125,57533.390625,48967.56640625,57532.73828125,92052420332
2021-02-23,48824.42578125,48824.42578125,54204.9296875,45290.58984375,54204.9296875,106102492824
2021-02-24,49705.33203125,49705.33203125,51290.13671875,47213.5,48835.0859375,63695521388
2021-02-25,47093.8515625,47093.8515625,51948.96875,47093.8515625,49709.08203125,54506565949
2021-02-26,46339.76171875,46339.76171875,48370.78515625,44454.84375,47180.46484375,350967941479
2021-02-27,46188.453125,46188.453125,48253.26953125,45269.02734375,46344.7734375,45910946382
2021-02-28,45137.76953125,45137.76953125,46716.4296875,43241.6171875,46194.015625,53443887451
2021-03-01,49631.2421875,49631.2421875,49784.015625,45115.09375,45159.50390625,53891300112
2021-03-02,48378.98828125,48378.98828125,50127.51171875,47228.84375,49612.10546875,47530897720
2021-03-03,50538.2421875,50538.2421875,52535.13671875,48274.3203125,48415.81640625,53220811975
2021-03-04,48561.16796875,48561.16796875,51735.08984375,47656.9296875,50522.3046875,52343816680
2021-03-05,48927.3046875,48927.3046875,49396.4296875,46542.515625,48527.03125,48625928883
2021-03-06,48912.3828125,48912.3828125,49147.21875,47257.52734375,48899.23046875,34363564661
2021-03-07,51206.69140625,51206.69140625,51384.3671875,48918.6796875,48918.6796875,43137459378
2021-03-08,52246.5234375,52246.5234375,52314.0703125,49506.0546875,51174.1171875,48597428048
2021-03-09,54824.1171875,54824.1171875,54824.1171875,51981.83203125,52272.96875,50912227385
2021-03-10,56008.55078125,56008.55078125,57258.25390625,53290.890625,54824.01171875,57295577614
2021-03-11,57805.12109375,57805.12109375,58091.0625,54484.59375,55963.1796875,56772343595
2021-03-12,57332.08984375,57332.08984375,57996.62109375,55376.6484375,57821.21875,55689944702
2021-03-13,61243.0859375,61243.0859375,61683.86328125,56217.97265625,57343.37109375,60669829814
2021-03-14,59302.31640625,59302.31640625,61597.91796875,59302.31640625,61221.1328125,43901225564
2021-03-15,55907.19921875,55907.19921875,60540.9921875,55393.1640625,59267.4296875,66419369890
2021-03-16,56804.90234375,56804.90234375,56833.1796875,53555.02734375,55840.78515625,59749798599
2021-03-17,58870.89453125,58870.89453125,58969.81640625,54528.62890625,56825.828125,60258313191
2021-03-18,57858.921875,57858.921875,60116.25,54253.578125,58893.078125,55746041000
2021-03-19,58346.65234375,58346.65234375,59498.375,56643.703125,57850.44140625,49063873786
2021-03-20,58313.64453125,58313.64453125,60031.28515625,58213.296875,58332.26171875,50361731222
2021-03-21,57523.421875,57523.421875,58767.8984375,56005.6171875,58309.9140625,51943414539
2021-03-22,54529.14453125,54529.14453125,58471.48046875,54288.15625,57517.890625,56521454974
2021-03-23,54738.9453125,54738.9453125,55985.44140625,53470.6953125,54511.66015625,56435023914
2021-03-24,52774.265625,52774.265625,57262.3828125,52514.33203125,54710.48828125,70567223787
2021-03-25,51704.16015625,51704.16015625,53392.38671875,50856.5703125,52726.74609375,67999812841
2021-03-26,55137.3125,55137.3125,55137.3125,51579.85546875,51683.01171875,56652197978
2021-03-27,55973.51171875,55973.51171875,56568.21484375,54242.91015625,55137.56640625,47266542233
2021-03-28,55950.74609375,55950.74609375,56610.3125,55071.11328125,55974.94140625,47686580918
2021-03-29,57750.19921875,57750.19921875,58342.09765625,55139.33984375,55947.8984375,57625587027
2021-03-30,58917.69140625,58917.69140625,59447.22265625,57251.55078125,57750.1328125,54414116432
2021-03-31,58918.83203125,58918.83203125,59930.02734375,57726.41796875,58930.27734375,65520826225
2021-04-01,59095.80859375,59095.80859375,59586.0703125,58505.27734375,58926.5625,61669163792
2021-04-02,59384.3125,59384.3125,60267.1875,58869.28125,59098.87890625,58727860620
2021-04-03,57603.890625,57603.890625,60110.26953125,57603.890625,59397.41015625,59641344484
2021-04-04,58758.5546875,58758.5546875,58913.74609375,57168.67578125,57604.83984375,50749662970
2021-04-05,59057.87890625,59057.87890625,59891.296875,57694.82421875,58760.875,60706272115
2021-04-06,58192.359375,58192.359375,59479.578125,57646.80859375,59171.93359375,66058027988
2021-04-07,56048.9375,56048.9375,58731.14453125,55604.0234375,58186.5078125,75645303584
2021-04-08,58323.953125,58323.953125,58338.73828125,55879.0859375,56099.9140625,53053855641
2021-04-09,58245.00390625,58245.00390625,58937.046875,57807.86328125,58326.5625,46655208546
2021-04-10,59793.234375,59793.234375,61276.6640625,58038.70703125,58253.77734375,58238470525
2021-04-11,60204.96484375,60204.96484375,60790.5546875,59289.796875,59846.23046875,46280252580
2021-04-12,59893.453125,59893.453125,61253.03515625,59589.875,60175.9453125,51828688519
2021-04-13,63503.45703125,63503.45703125,63742.28515625,59869.95703125,59890.01953125,69983454362
2021-04-14,63109.6953125,63109.6953125,64863.09765625,61554.796875,63523.75390625,77451779687
2021-04-15,63314.01171875,63314.01171875,63821.671875,62208.96484375,63075.1953125,60954381579
2021-04-16,61572.7890625,61572.7890625,63594.72265625,60222.53125,63258.50390625,84293007468
2021-04-17,60683.8203125,60683.8203125,62572.17578125,60361.3515625,61529.921875,66138759198
2021-04-18,56216.18359375,56216.18359375,61057.45703125,52829.53515625,60701.88671875,97468872758
2021-04-19,55724.265625,55724.265625,57520.0546875,54368.59375,56191.5859375,65344865159
2021-04-20,56473.03125,56473.03125,57062.1484375,53448.046875,55681.79296875,67849323955
2021-04-21,53906.08984375,53906.08984375,56757.97265625,53695.46875,56471.12890625,54926612466
2021-04-22,51762.2734375,51762.2734375,55410.23046875,50583.8125,53857.10546875,74798630778
2021-04-23,51093.65234375,51093.65234375,52120.79296875,47714.6640625,51739.80859375,86668667320
2021-04-24,50050.8671875,50050.8671875,51167.5625,48805.28515625,51143.2265625,49014494781
2021-04-25,49004.25390625,49004.25390625,50506.01953125,47159.484375,50052.83203125,46117114240
2021-04-26,54021.75390625,54021.75390625,54288.00390625,48852.796875,49077.79296875,58284039825
2021-04-27,55033.1171875,55033.1171875,55416.96484375,53319.1875,54030.3046875,49448222757
2021-04-28,54824.703125,54824.703125,56227.20703125,53887.91796875,55036.63671875,48000572955
2021-04-29,53555.109375,53555.109375,55115.84375,52418.02734375,54858.08984375,46088929780
2021-04-30,57750.17578125,57750.17578125,57900.71875,53129.6015625,53568.6640625,52395931985
2021-05-01,57828.05078125,57828.05078125,58448.33984375,57052.2734375,57714.6640625,42836427360
2021-05-02,56631.078125,56631.078125,57902.59375,56141.90625,57825.86328125,38177405335
2021-05-03,57200.29296875,57200.29296875,58973.30859375,56590.87109375,56620.2734375,51713139031
2021-05-04,53333.5390625,53333.5390625,57214.1796875,53191.42578125,57214.1796875,68564706967
2021-05-05,57424.0078125,57424.0078125,57911.36328125,52969.0546875,53252.1640625,69241316747
2021-05-06,56396.515625,56396.515625,58363.31640625,55382.5078125,57441.30859375,69523285106
2021-05-07,57356.40234375,57356.40234375,58606.6328125,55321.84765625,56413.953125,68434023376
2021-05-08,58803.77734375,58803.77734375,59464.61328125,56975.2109375,57352.765625,65382980634
2021-05-09,58232.31640625,58232.31640625,59210.8828125,56482.00390625,58877.390625,65906690347
2021-05-10,55859.796875,55859.796875,59519.35546875,54071.45703125,58250.87109375,71776546298
2021-05-11,56704.57421875,56704.57421875,56872.54296875,54608.65234375,55847.2421875,61308396325
2021-05-12,49150.53515625,49150.53515625,57939.36328125,49150.53515625,56714.53125,75215403907
2021-05-13,49716.19140625,49716.19140625,51330.84375,46980.01953125,49735.43359375,96721152926
2021-05-14,49880.53515625,49880.53515625,51438.1171875,48868.578125,49682.98046875,55737497453
2021-05-15,46760.1875,46760.1875,50639.6640625,46664.140625,49855.49609375,59161047474
2021-05-16,46456.05859375,46456.05859375,49720.04296875,43963.3515625,46716.63671875,64047871555
2021-05-17,43537.51171875,43537.51171875,46623.55859375,42207.2890625,46415.8984375,74903638450
2021-05-18,42909.40234375,42909.40234375,45812.45703125,42367.83203125,43488.05859375,56187365084
2021-05-19,37002.44140625,37002.44140625,43546.1171875,30681.49609375,42944.9765625,126358098747
2021-05-20,40782.73828125,40782.73828125,42462.984375,35050.6171875,36753.66796875,88281943359
2021-05-21,37304.69140625,37304.69140625,42172.171875,33616.453125,40596.94921875,82051616861
2021-05-22,37536.6328125,37536.6328125,38831.0546875,35383.68359375,37371.03125,57377273240
2021-05-23,34770.58203125,34770.58203125,38289.21875,31227.33984375,37531.44921875,78469274361
2021-05-24,38705.98046875,38705.98046875,39835.140625,34551.08203125,34700.36328125,67359584098
2021-05-25,38402.22265625,38402.22265625,39776.3515625,36581.4296875,38795.78125,56211915803
2021-05-26,39294.19921875,39294.19921875,40782.078125,37905.8359375,38392.625,51346735160
2021-05-27,38436.96875,38436.96875,40379.6171875,37247.90234375,39316.890625,43210968721
2021-05-28,35697.60546875,35697.60546875,38856.96875,34779.0390625,38507.08203125,55200191952
2021-05-29,34616.06640625,34616.06640625,37234.5,33693.9296875,35684.15625,45231013335
2021-05-30,35678.12890625,35678.12890625,36400.66796875,33520.73828125,34607.40625,31646080921
2021-05-31,37332.85546875,37332.85546875,37468.25,34241.9453125,35658.59375,39009847639
2021-06-01,36684.92578125,36684.92578125,37896.734375,35787.0859375,37293.79296875,34639423297
2021-06-02,37575.1796875,37575.1796875,38231.33984375,35966.30859375,36699.921875,33070867190
2021-06-03,39208.765625,39208.765625,39478.953125,37243.97265625,37599.41015625,35460750427
2021-06-04,36894.40625,36894.40625,39242.484375,35717.72265625,39242.484375,41831090187
2021-06-05,35551.95703125,35551.95703125,37917.71484375,34900.4140625,36880.15625,35959473399
2021-06-06,35862.37890625,35862.37890625,36436.421875,35304.578125,35538.609375,28913440585
2021-06-07,33560.70703125,33560.70703125,36790.5703125,33480.640625,35835.265625,33683936663
2021-06-08,33472.6328125,33472.6328125,34017.38671875,31114.443359375,33589.51953125,49902050442
2021-06-09,37345.12109375,37345.12109375,37537.37109375,32475.865234375,33416.9765625,53972919008
2021-06-10,36702.59765625,36702.59765625,38334.32421875,35847.59375,37389.515625,43576032854
2021-06-11,37334.3984375,37334.3984375,37608.6953125,36044.44921875,36697.03125,38699736985
2021-06-12,35552.515625,35552.515625,37408.92578125,34728.19140625,37340.14453125,37924228550
2021-06-13,39097.859375,39097.859375,39322.78125,34864.109375,35555.7890625,40669112838
2021-06-14,40218.4765625,40218.4765625,40978.36328125,38757.28515625,39016.96875,43148914673
2021-06-15,40406.26953125,40406.26953125,41295.26953125,39609.46875,40427.16796875,46420149185
2021-06-16,38347.0625,38347.0625,40516.77734375,38176.03515625,40168.69140625,39211635100
2021-06-17,38053.50390625,38053.50390625,39513.671875,37439.67578125,38341.421875,37096670047
2021-06-18,35787.24609375,35787.24609375,38187.26171875,35255.85546875,38099.4765625,36200887275
2021-06-19,35615.87109375,35615.87109375,36457.796875,34933.0625,35854.52734375,31207279719
2021-06-20,35698.296875,35698.296875,36059.484375,33432.07421875,35563.140625,36664034054
2021-06-21,31676.693359375,31676.693359375,35721.640625,31295.935546875,35641.14453125,52809038594
2021-06-22,32505.66015625,32505.66015625,33292.453125,28893.62109375,31622.376953125,58964353058
2021-06-23,33723.02734375,33723.02734375,34753.41015625,31772.6328125,32515.71484375,46317108925
2021-06-24,34662.4375,34662.4375,35228.8515625,32385.21484375,33682.80078125,33123368116
2021-06-25,31637.779296875,31637.779296875,35487.24609375,31350.884765625,34659.10546875,40230904226
2021-06-26,32186.27734375,32186.27734375,32637.587890625,30184.501953125,31594.6640625,38585385521
2021-06-27,34649.64453125,34649.64453125,34656.12890625,32071.7578125,32287.5234375,35511640894
2021-06-28,34434.3359375,34434.3359375,35219.890625,33902.07421875,34679.12109375,33892523752
2021-06-29,35867.77734375,35867.77734375,36542.109375,34252.484375,34475.55859375,37901460044
2021-06-30,35040.8359375,35040.8359375,36074.7578125,34086.15234375,35908.38671875,34059036099
2021-07-01,33572.1171875,33572.1171875,35035.984375,32883.78125,35035.984375,37838957079
2021-07-02,33897.046875,33897.046875,33939.58984375,32770.6796875,33549.6015625,38728974942
2021-07-03,34668.546875,34668.546875,34909.26171875,33402.6953125,33854.421875,24383958643
2021-07-04,35287.78125,35287.78125,35937.56640625,34396.4765625,34665.56640625,24924307911
2021-07-05,33746.00390625,33746.00390625,35284.34375,33213.66015625,35284.34375,26721554282
2021-07-06,34235.1953125,34235.1953125,35038.53515625,33599.91796875,33723.5078125,26501259870
2021-07-07,33855.328125,33855.328125,34997.6640625,33839.2890625,34225.6796875,24796027477
2021-07-08,32877.37109375,32877.37109375,33907.90625,32133.18359375,33889.60546875,29910396946
2021-07-09,33798.01171875,33798.01171875,34042.29296875,32318.880859375,32861.671875,27436021028
2021-07-10,33520.51953125,33520.51953125,34209.0703125,33116.01171875,33811.2421875,22971873468
2021-07-11,34240.1875,34240.1875,34584.703125,33346.73828125,33509.078125,20108729370
2021-07-12,33155.84765625,33155.84765625,34592.15625,32697.30859375,34254.015625,24321499537
2021-07-13,32702.025390625,32702.025390625,33327.1015625,32261.419921875,33125.46875,19120856669
2021-07-14,32822.34765625,32822.34765625,33061.3984375,31639.125,32723.845703125,21376531210
2021-07-15,31780.73046875,31780.73046875,33159.640625,31175.708984375,32827.875,21300524237
2021-07-16,31421.5390625,31421.5390625,32218.40625,31100.673828125,31841.55078125,23699476918
2021-07-17,31533.068359375,31533.068359375,31935.9453125,31223.990234375,31397.30859375,18895018942
2021-07-18,31796.810546875,31796.810546875,32398.99609375,31215.4921875,31533.884765625,18787986667
2021-07-19,30817.83203125,30817.83203125,31885.859375,30563.734375,31800.01171875,20434789545
2021-07-20,29807.34765625,29807.34765625,31006.1875,29360.955078125,30838.28515625,23148267245
2021-07-21,32110.693359375,32110.693359375,32752.326171875,29526.18359375,29796.28515625,28203024559
2021-07-22,32313.10546875,32313.10546875,32576.400390625,31745.298828125,32138.873046875,19555230518
2021-07-23,33581.55078125,33581.55078125,33581.55078125,32057.892578125,32305.958984375,22552046192
2021-07-24,34292.4453125,34292.4453125,34490.390625,33424.859375,33593.73046875,21664706865
2021-07-25,35350.1875,35350.1875,35364.92578125,33881.8359375,34290.29296875,20856685287
2021-07-26,37337.53515625,37337.53515625,40499.67578125,35287.3125,35384.03125,51022126212
2021-07-27,39406.94140625,39406.94140625,39406.94140625,36441.7265625,37276.03515625,35097370560
2021-07-28,39995.90625,39995.90625,40816.0703125,38862.4375,39503.1875,38702404695
2021-07-29,40008.421875,40008.421875,40593.0703125,39352.05859375,39995.453125,27167146027
2021-07-30,42235.546875,42235.546875,42235.546875,38397.35546875,40027.484375,33072782960
2021-07-31,41626.1953125,41626.1953125,42231.44921875,41110.83203125,42196.3046875,25802845343
2021-08-01,39974.89453125,39974.89453125,42541.6796875,39540.94140625,41460.84375,26688438115
2021-08-02,39201.9453125,39201.9453125,40419.1796875,38746.34765625,39907.26171875,25595265436
2021-08-03,38152.98046875,38152.98046875,39750.03125,37782.05078125,39178.40234375,26189830450
2021-08-04,39747.50390625,39747.50390625,39952.296875,37589.1640625,38213.33203125,25372562724
2021-08-05,40869.5546875,40869.5546875,41341.93359375,37458.00390625,39744.515625,35185031017
2021-08-06,42816.5,42816.5,43271.66015625,39932.1796875,40865.8671875,38226483046
2021-08-07,44555.80078125,44555.80078125,44689.859375,42618.56640625,42832.796875,40030862141
2021-08-08,43798.1171875,43798.1171875,45282.3515625,43331.91015625,44574.4375,36302664750
2021-08-09,46365.40234375,46365.40234375,46456.83203125,42848.6875,43791.92578125,38734079049
2021-08-10,45585.03125,45585.03125,46637.98828125,44705.5546875,46280.84765625,33546019517
2021-08-11,45593.63671875,45593.63671875,46735.6328125,45351.7109375,45599.703125,34319709073
2021-08-12,44428.2890625,44428.2890625,46228.91015625,43861.4453125,45576.87890625,33723620826
2021-08-13,47793.3203125,47793.3203125,47831.9765625,44282.41796875,44439.69140625,31744259539
2021-08-14,47096.9453125,47096.9453125,48098.68359375,46177.6328125,47810.6875,31211354442
2021-08-15,47047.00390625,47047.00390625,47357.10546875,45579.58984375,47096.66796875,30988958446
2021-08-16,46004.484375,46004.484375,47998.09765625,45700.3203125,47019.9609375,32776876610
2021-08-17,44695.359375,44695.359375,47139.5703125,44512.41796875,45936.45703125,33451362600
2021-08-18,44801.1875,44801.1875,45952.0625,44364.02734375,44686.75,32194123075
2021-08-19,46717.578125,46717.578125,46970.76171875,43998.31640625,44741.8828125,37204312299
2021-08-20,49339.17578125,49339.17578125,49342.15234375,46650.70703125,46723.12109375,34706867452
2021-08-21,48905.4921875,48905.4921875,49717.01953125,48312.19921875,49327.07421875,40585205312
2021-08-22,49321.65234375,49321.65234375,49471.609375,48199.94140625,48869.10546875,25370975378
2021-08-23,49546.1484375,49546.1484375,50482.078125,49074.60546875,49291.67578125,34305053719
2021-08-24,47706.1171875,47706.1171875,49878.76953125,47687.1171875,49562.34765625,35361168834
2021-08-25,48960.7890625,48960.7890625,49202.87890625,47163.61328125,47727.2578125,32646349931
2021-08-26,46942.21875,46942.21875,49347.58203125,46405.78125,49002.640625,32666549568
2021-08-27,49058.66796875,49058.66796875,49112.78515625,46394.28125,46894.5546875,34511076995
2021-08-28,48902.40234375,48902.40234375,49283.50390625,48499.23828125,49072.5859375,28568103401
2021-08-29,48829.83203125,48829.83203125,49644.11328125,47925.85546875,48911.25,25889650240
2021-08-30,47054.984375,47054.984375,48925.60546875,46950.2734375,48834.8515625,31847007016
2021-08-31,47166.6875,47166.6875,48189.55078125,46750.09375,47024.33984375,34730363427
2021-09-01,48847.02734375,48847.02734375,49111.08984375,46562.4375,47099.7734375,39139399125
2021-09-02,49327.72265625,49327.72265625,50343.421875,48652.3203125,48807.84765625,39508070319
2021-09-03,50025.375,50025.375,50982.2734375,48386.0859375,49288.25,43206179619
2021-09-04,49944.625,49944.625,50545.58203125,49548.78125,50009.32421875,37471327794
2021-09-05,51753.41015625,51753.41015625,51868.6796875,49538.59765625,49937.859375,30322676319
2021-09-06,52633.53515625,52633.53515625,52700.94140625,51053.6796875,51769.00390625,38884105426
2021-09-07,46811.12890625,46811.12890625,52853.765625,43285.20703125,52660.48046875,65210059683
2021-09-08,46091.390625,46091.390625,47334.0546875,44561.39453125,46827.76171875,49007762488
2021-09-09,46391.421875,46391.421875,47261.94921875,45669.73828125,45774.7421875,38672657013
2021-09-10,44883.91015625,44883.91015625,47031.7421875,44344.484375,46396.6640625,39154666597
2021-09-11,45201.45703125,45201.45703125,45969.29296875,44818.265625,44869.83984375,34499835245
2021-09-12,46063.26953125,46063.26953125,46364.87890625,44790.4609375,45206.62890625,27881980161
2021-09-13,44963.07421875,44963.07421875,46598.6796875,43591.3203125,46057.21484375,40969943253
2021-09-14,47092.4921875,47092.4921875,47218.125,44752.33203125,44960.05078125,38652152880
2021-09-15,48176.34765625,48176.34765625,48450.46875,46773.328125,47098.0,30484496466
2021-09-16,47783.359375,47783.359375,48486.828125,47079.55859375,48158.90625,31764293754
2021-09-17,47267.51953125,47267.51953125,48160.921875,46832.5234375,47771.00390625,28727713711
2021-09-18,48278.36328125,48278.36328125,48791.78125,47087.28515625,47273.52734375,28575630451
2021-09-19,47260.21875,47260.21875,48328.3671875,46919.8046875,48268.85546875,26967722648
2021-09-20,42843.80078125,42843.80078125,47328.19921875,42598.9140625,47261.40625,43909845642
2021-09-21,40693.67578125,40693.67578125,43607.609375,39787.609375,43012.234375,48701090088
2021-09-22,43574.5078125,43574.5078125,43978.62109375,40625.6328125,40677.953125,38139709246
2021-09-23,44895.09765625,44895.09765625,44942.17578125,43109.33984375,43560.296875,34244064430
2021-09-24,42839.75,42839.75,45080.4921875,40936.55859375,44894.30078125,42839345714
2021-09-25,42716.59375,42716.59375,42996.2578125,41759.921875,42840.890625,31604717236
2021-09-26,43208.5390625,43208.5390625,43919.30078125,40848.4609375,42721.62890625,30661222077
2021-09-27,42235.73046875,42235.73046875,44313.24609375,42190.6328125,43234.18359375,30980029059
2021-09-28,41034.54296875,41034.54296875,42775.14453125,40931.6640625,42200.8984375,30214940550
2021-09-29,41564.36328125,41564.36328125,42545.2578125,40829.66796875,41064.984375,30602359905
2021-09-30,43790.89453125,43790.89453125,44092.6015625,41444.58203125,41551.26953125,31141681925
2021-10-01,48116.94140625,48116.94140625,48436.01171875,43320.0234375,43816.7421875,42850641582
2021-10-02,47711.48828125,47711.48828125,48282.0625,47465.49609375,48137.46875,30614346492
2021-10-03,48199.953125,48199.953125,49130.69140625,47157.2890625,47680.02734375,26638115879
2021-10-04,49112.90234375,49112.90234375,49456.77734375,47045.00390625,48208.90625,33383173002
2021-10-05,51514.8125,51514.8125,51839.984375,49072.83984375,49174.9609375,35873904236
2021-10-06,55361.44921875,55361.44921875,55568.46484375,50488.19140625,51486.6640625,49034730168
2021-10-07,53805.984375,53805.984375,55338.625,53525.46875,55338.625,36807860413
2021-10-08,53967.84765625,53967.84765625,55922.98046875,53688.0546875,53802.14453125,34800873924
2021-10-09,54968.22265625,54968.22265625,55397.9453125,53735.14453125,53929.78125,32491211414
2021-10-10,54771.578125,54771.578125,56401.3046875,54264.2578125,54952.8203125,39527792364
2021-10-11,57484.7890625,57484.7890625,57793.0390625,54519.765625,54734.125,42637331698
2021-10-12,56041.05859375,56041.05859375,57627.87890625,54477.97265625,57526.83203125,41083758949
2021-10-13,57401.09765625,57401.09765625,57688.66015625,54370.97265625,56038.2578125,41684252783
2021-10-14,57321.5234375,57321.5234375,58478.734375,56957.07421875,57372.83203125,36615791366
2021-10-15,61593.94921875,61593.94921875,62757.12890625,56868.14453125,57345.90234375,51780081801
2021-10-16,60892.1796875,60892.1796875,62274.4765625,60206.12109375,61609.52734375,34250964237
2021-10-17,61553.6171875,61553.6171875,61645.5234375,59164.46875,60887.65234375,29032367511
2021-10-18,62026.078125,62026.078125,62614.66015625,60012.7578125,61548.8046875,38055562075
2021-10-19,64261.9921875,64261.9921875,64434.53515625,61622.93359375,62043.1640625,40471196346
2021-10-20,65992.8359375,65992.8359375,66930.390625,63610.67578125,64284.5859375,40788955582
2021-10-21,62210.171875,62210.171875,66600.546875,62117.41015625,66002.234375,45908121370
2021-10-22,60692.265625,60692.265625,63715.0234375,60122.796875,62237.890625,38434082775
2021-10-23,61393.6171875,61393.6171875,61743.87890625,59826.5234375,60694.62890625,26882546034
2021-10-24,60930.8359375,60930.8359375,61505.8046875,59643.34375,61368.34375,27316183882
2021-10-25,63039.82421875,63039.82421875,63729.32421875,60691.80078125,60893.92578125,31064911614
2021-10-26,60363.79296875,60363.79296875,63229.02734375,59991.16015625,63032.76171875,34878965587
2021-10-27,58482.38671875,58482.38671875,61435.18359375,58208.1875,60352.0,43657076893
2021-10-28,60622.13671875,60622.13671875,62128.6328125,58206.91796875,58470.73046875,45257083247
2021-10-29,62227.96484375,62227.96484375,62927.609375,60329.96484375,60624.87109375,36856881767
2021-10-30,61888.83203125,61888.83203125,62330.14453125,60918.38671875,62239.36328125,32157938616
2021-10-31,61318.95703125,61318.95703125,62406.171875,60074.328125,61850.48828125,32241199927
2021-11-01,61004.40625,61004.40625,62419.00390625,59695.18359375,61320.44921875,36150572843
2021-11-02,63226.40234375,63226.40234375,64242.79296875,60673.0546875,60963.25390625,37746665647
2021-11-03,62970.046875,62970.046875,63516.9375,61184.23828125,63254.3359375,36124731509
2021-11-04,61452.23046875,61452.23046875,63123.2890625,60799.6640625,62941.8046875,32615846901
2021-11-05,61125.67578125,61125.67578125,62541.46875,60844.609375,61460.078125,30605102446
2021-11-06,61527.48046875,61527.48046875,61590.68359375,60163.78125,61068.875,29094934221
2021-11-07,63326.98828125,63326.98828125,63326.98828125,61432.48828125,61554.921875,24726754302
2021-11-08,67566.828125,67566.828125,67673.7421875,63344.06640625,63344.06640625,41125608330
2021-11-09,66971.828125,66971.828125,68530.3359375,66382.0625,67549.734375,42357991721
2021-11-10,64995.23046875,64995.23046875,68789.625,63208.11328125,66953.3359375,48730828378
2021-11-11,64949.9609375,64949.9609375,65579.015625,64180.48828125,64978.890625,35880633236
2021-11-12,64155.94140625,64155.94140625,65460.81640625,62333.9140625,64863.98046875,36084893887
2021-11-13,64469.52734375,64469.52734375,64915.67578125,63303.734375,64158.12109375,30474228777
2021-11-14,65466.83984375,65466.83984375,65495.1796875,63647.80859375,64455.37109375,25122092191
2021-11-15,63557.87109375,63557.87109375,66281.5703125,63548.14453125,65521.2890625,30558763548
2021-11-16,60161.24609375,60161.24609375,63721.1953125,59016.3359375,63721.1953125,46844335592
2021-11-17,60368.01171875,60368.01171875,60823.609375,58515.41015625,60139.62109375,39178392930
2021-11-18,56942.13671875,56942.13671875,60948.5,56550.79296875,60360.13671875,41388338699
2021-11-19,58119.578125,58119.578125,58351.11328125,55705.1796875,56896.12890625,38702407772
2021-11-20,59697.1953125,59697.1953125,59859.87890625,57469.7265625,58115.08203125,30624264863
2021-11-21,58730.4765625,58730.4765625,60004.42578125,58618.9296875,59730.5078125,26123447605
2021-11-22,56289.2890625,56289.2890625,59266.359375,55679.83984375,58706.84765625,35036121783
2021-11-23,57569.07421875,57569.07421875,57875.515625,55632.76171875,56304.5546875,37485803899
2021-11-24,56280.42578125,56280.42578125,57803.06640625,55964.22265625,57565.8515625,36635566789
2021-11-25,57274.6796875,57274.6796875,59367.96875,57146.68359375,57165.41796875,34284016248
2021-11-26,53569.765625,53569.765625,59183.48046875,53569.765625,58960.28515625,41810748221
2021-11-27,54815.078125,54815.078125,55329.2578125,53668.35546875,53736.4296875,30560857714
2021-11-28,57248.45703125,57248.45703125,57393.84375,53576.734375,54813.0234375,28116886357
2021-11-29,57806.56640625,57806.56640625,58872.87890625,56792.52734375,57291.90625,32370840356
2021-11-30,57005.42578125,57005.42578125,59113.40234375,56057.28125,57830.11328125,36708594618
2021-12-01,57229.828125,57229.828125,59041.68359375,56553.08203125,56907.96484375,36858195307
2021-12-02,56477.81640625,56477.81640625,57349.234375,55895.1328125,57217.37109375,32379968686
2021-12-03,53598.24609375,53598.24609375,57482.16796875,52496.5859375,56509.1640625,39789134215
2021-12-04,49200.703125,49200.703125,53904.6796875,42874.6171875,53727.87890625,61385677469
2021-12-05,49368.84765625,49368.84765625,49768.1484375,47857.49609375,49201.51953125,37198201161
2021-12-06,50582.625,50582.625,50929.51953125,47281.03515625,49413.48046875,37707308001
2021-12-07,50700.0859375,50700.0859375,51934.78125,50175.80859375,50581.828125,33676814852
2021-12-08,50504.796875,50504.796875,51171.375,48765.98828125,50667.6484375,28479699446
2021-12-09,47672.12109375,47672.12109375,50797.1640625,47358.3515625,50450.08203125,29603577251
2021-12-10,47243.3046875,47243.3046875,50015.25390625,47023.69921875,47642.14453125,30966005122
2021-12-11,49362.5078125,49362.5078125,49458.2109375,46942.34765625,47264.6328125,25775869261
2021-12-12,50098.3359375,50098.3359375,50724.8671875,48725.8515625,49354.85546875,21939223599
2021-12-13,46737.48046875,46737.48046875,50205.0,45894.84765625,50114.7421875,32166727776
2021-12-14,46612.6328125,46612.6328125,48431.3984375,46424.49609375,46709.82421875,34638619079
2021-12-15,48896.72265625,48896.72265625,49473.95703125,46671.96484375,48379.75390625,36541828520
2021-12-16,47665.42578125,47665.42578125,49425.57421875,47529.87890625,48900.46484375,27268150947
2021-12-17,46202.14453125,46202.14453125,48004.89453125,45618.21484375,47653.73046875,32902725329
2021-12-18,46848.77734375,46848.77734375,47313.828125,45598.44140625,46219.25390625,26098292690
2021-12-19,46707.015625,46707.015625,48089.6640625,46502.953125,46853.8671875,25154053861
2021-12-20,46880.27734375,46880.27734375,47401.71875,45579.80859375,46707.0625,30961902129
2021-12-21,48936.61328125,48936.61328125,49300.91796875,46698.7734375,46886.078125,27055803928
2021-12-22,48628.51171875,48628.51171875,49544.796875,48450.94140625,48937.09765625,24447979559
2021-12-23,50784.5390625,50784.5390625,51332.33984375,48065.8359375,48626.34375,28223878108
2021-12-24,50822.1953125,50822.1953125,51814.02734375,50514.49609375,50806.05078125,24367912228
2021-12-25,50429.859375,50429.859375,51176.59765625,50236.70703125,50854.91796875,19030650914
2021-12-26,50809.515625,50809.515625,51196.37890625,49623.10546875,50428.69140625,20964372926
2021-12-27,50640.41796875,50640.41796875,51956.328125,50499.46875,50802.609375,24324345758
2021-12-28,47588.85546875,47588.85546875,50679.859375,47414.2109375,50679.859375,33430376883
2021-12-29,46444.7109375,46444.7109375,48119.7421875,46201.49609375,47623.87109375,30049226299
2021-12-30,47178.125,47178.125,47879.96484375,46060.3125,46490.60546875,26686491018
2021-12-31,46306.4453125,46306.4453125,48472.52734375,45819.953125,47169.37109375,36974172400
2022-01-01,47686.8125,47686.8125,47827.3125,46288.484375,46311.74609375,24582667004
2022-01-02,47345.21875,47345.21875,47881.40625,46856.9375,47680.92578125,27951569547
2022-01-03,46458.1171875,46458.1171875,47510.7265625,45835.96484375,47343.54296875,33071628362
2022-01-04,45897.57421875,45897.57421875,47406.546875,45752.46484375,46458.8515625,42494677905
2022-01-05,43569.00390625,43569.00390625,46929.046875,42798.22265625,45899.359375,36851084859
2022-01-06,43160.9296875,43160.9296875,43748.71875,42645.5390625,43565.51171875,30208048289
2022-01-07,41557.90234375,41557.90234375,43153.5703125,41077.4453125,43153.5703125,84196607520
2022-01-08,41733.94140625,41733.94140625,42228.94140625,40672.27734375,41561.46484375,28066355845
2022-01-09,41911.6015625,41911.6015625,42663.94921875,41338.16015625,41734.7265625,21294384372
2022-01-10,41821.26171875,41821.26171875,42199.484375,39796.5703125,41910.23046875,32104232331
2022-01-11,42735.85546875,42735.85546875,43001.15625,41407.75390625,41819.5078125,26327648900
2022-01-12,43949.1015625,43949.1015625,44135.3671875,42528.98828125,42742.1796875,33499938689
2022-01-13,42591.5703125,42591.5703125,44278.421875,42447.04296875,43946.7421875,47691135082
2022-01-14,43099.69921875,43099.69921875,43346.6875,41982.6171875,42598.87109375,23577403399
2022-01-15,43177.3984375,43177.3984375,43724.671875,42669.03515625,43101.8984375,18371348298
2022-01-16,43113.87890625,43113.87890625,43436.80859375,42691.0234375,43172.0390625,17902097845
2022-01-17,42250.55078125,42250.55078125,43179.390625,41680.3203125,43118.12109375,21690904261
2022-01-18,42375.6328125,42375.6328125,42534.40234375,41392.21484375,42250.07421875,22417209227
2022-01-19,41744.328125,41744.328125,42478.3046875,41242.9140625,42374.0390625,23091543258
2022-01-20,40680.41796875,40680.41796875,43413.0234375,40672.82421875,41744.02734375,20382033940
2022-01-21,36457.31640625,36457.31640625,41060.52734375,35791.42578125,40699.60546875,43011992031
2022-01-22,35030.25,35030.25,36688.8125,34349.25,36471.58984375,39714385405
2022-01-23,36276.8046875,36276.8046875,36433.3125,34784.96875,35047.359375,26017975951
2022-01-24,36654.328125,36654.328125,37247.51953125,33184.05859375,36275.734375,41856658597
2022-01-25,36954.00390625,36954.00390625,37444.5703125,35779.4296875,36654.8046875,26428189594
2022-01-26,36852.12109375,36852.12109375,38825.41015625,36374.90625,36950.515625,31324598034
2022-01-27,37138.234375,37138.234375,37148.32421875,35629.28125,36841.87890625,25041426629
2022-01-28,37784.33203125,37784.33203125,37952.87890625,36211.109375,37128.4453125,22238830523
2022-01-29,38138.1796875,38138.1796875,38576.26171875,37406.47265625,37780.71484375,17194183075
2022-01-30,37917.6015625,37917.6015625,38266.33984375,37437.7109375,38151.91796875,14643548444
2022-01-31,38483.125,38483.125,38647.26171875,36733.57421875,37920.28125,20734730465
2022-02-01,38743.2734375,38743.2734375,39115.1328125,38113.6640625,38481.765625,20288500328
2022-02-02,36952.984375,36952.984375,38834.6171875,36832.73046875,38743.71484375,19155189416
2022-02-03,37154.6015625,37154.6015625,37154.6015625,36375.5390625,36944.8046875,18591534769
2022-02-04,41500.875,41500.875,41527.78515625,37093.62890625,37149.265625,29412210792
2022-02-05,41441.1640625,41441.1640625,41847.1640625,41038.09765625,41501.48046875,19652846215
2022-02-06,42412.43359375,42412.43359375,42500.78515625,41244.90625,41441.12109375,16142097334
2022-02-07,43840.28515625,43840.28515625,44401.86328125,41748.15625,42406.78125,28641855926
2022-02-08,44118.4453125,44118.4453125,45293.8671875,42807.8359375,43854.65234375,33079398868
2022-02-09,44338.796875,44338.796875,44727.80078125,43232.96875,44096.703125,23245887300
2022-02-10,43565.11328125,43565.11328125,45661.171875,43402.80859375,44347.80078125,32142048537
2022-02-11,42407.9375,42407.9375,43810.83203125,42114.5390625,43571.12890625,26954925781
2022-02-12,42244.46875,42244.46875,42992.55078125,41852.57421875,42412.30078125,18152390304
2022-02-13,42197.515625,42197.515625,42693.0546875,41950.94140625,42236.56640625,14741589015
2022-02-14,42586.91796875,42586.91796875,42775.77734375,41681.95703125,42157.3984375,20827783012
2022-02-15,44575.203125,44575.203125,44667.21875,42491.03515625,42586.46484375,22721659051
2022-02-16,43961.859375,43961.859375,44578.27734375,43456.69140625,44578.27734375,19792547657
2022-02-17,40538.01171875,40538.01171875,44132.97265625,40249.37109375,43937.0703125,26246662813
2022-02-18,40030.9765625,40030.9765625,40929.15234375,39637.6171875,40552.1328125,23310007704
2022-02-19,40122.15625,40122.15625,40418.87890625,39713.05859375,40026.0234375,13736557863
2022-02-20,38431.37890625,38431.37890625,40119.890625,38112.8125,40118.1015625,18340576452
2022-02-21,37075.28125,37075.28125,39394.4375,36950.4765625,38423.2109375,29280402798
2022-02-22,38286.02734375,38286.02734375,38359.85546875,36488.93359375,37068.76953125,25493150450
2022-02-23,37296.5703125,37296.5703125,39122.39453125,37201.81640625,38285.28125,21849073843
2022-02-24,38332.609375,38332.609375,38968.83984375,34459.21875,37278.56640625,46383802093
2022-02-25,39214.21875,39214.21875,39630.32421875,38111.34375,38333.74609375,26545599159
2022-02-26,39105.1484375,39105.1484375,40005.34765625,38702.53515625,39213.08203125,17467554129
2022-02-27,37709.78515625,37709.78515625,39778.94140625,37268.9765625,39098.69921875,23450127612
2022-02-28,43193.234375,43193.234375,43760.45703125,37518.21484375,37706.0,35690014104
2022-03-01,44354.63671875,44354.63671875,44793.6015625,42952.5859375,43194.50390625,32479047645
2022-03-02,43924.1171875,43924.1171875,45077.578125,43432.8515625,44357.6171875,29183112630
2022-03-03,42451.7890625,42451.7890625,44021.578125,41914.75,43925.1953125,24967782593
2022-03-04,39137.60546875,39137.60546875,42479.61328125,38805.84765625,42458.140625,28516271427
2022-03-05,39400.5859375,39400.5859375,39566.3359375,38777.03515625,39148.44921875,16975917450
2022-03-06,38419.984375,38419.984375,39640.17578125,38211.6484375,39404.19921875,19745229902
2022-03-07,38062.0390625,38062.0390625,39430.2265625,37260.203125,38429.3046875,28546143503
2022-03-08,38737.26953125,38737.26953125,39304.44140625,37957.38671875,38059.90234375,25776583476
2022-03-09,41982.92578125,41982.92578125,42465.671875,38706.09375,38742.81640625,32284121034
2022-03-10,39437.4609375,39437.4609375,42004.7265625,38832.94140625,41974.0703125,31078064711
2022-03-11,38794.97265625,38794.97265625,40081.6796875,38347.43359375,39439.96875,26364890465
2022-03-12,38904.01171875,38904.01171875,39308.59765625,38772.53515625,38794.46484375,14616450657
2022-03-13,37849.6640625,37849.6640625,39209.3515625,37728.14453125,38884.7265625,17300745310
2022-03-14,39666.75390625,39666.75390625,39742.5,37680.734375,37846.31640625,24322159070
2022-03-15,39338.78515625,39338.78515625,39794.62890625,38310.2109375,39664.25,23934000868
2022-03-16,41143.9296875,41143.9296875,41465.453125,39022.34765625,39335.5703125,39616916192
2022-03-17,40951.37890625,40951.37890625,41287.53515625,40662.87109375,41140.84375,22009601093
2022-03-18,41801.15625,41801.15625,42195.74609375,40302.3984375,40944.83984375,34421564942
2022-03-19,42190.65234375,42190.65234375,42316.5546875,41602.66796875,41794.6484375,19664853187
2022-03-20,41247.82421875,41247.82421875,42241.1640625,41004.7578125,42191.40625,20127946682
2022-03-21,41077.99609375,41077.99609375,41454.41015625,40668.04296875,41246.1328125,24615543271
2022-03-22,42358.80859375,42358.80859375,43124.70703125,40948.28125,41074.10546875,32004652376
2022-03-23,42892.95703125,42892.95703125,42893.5078125,41877.5078125,42364.37890625,25242943069
2022-03-24,43960.93359375,43960.93359375,44131.85546875,42726.1640625,42886.65234375,31042992291
2022-03-25,44348.73046875,44348.73046875,44999.4921875,43706.28515625,43964.546875,30574413034
2022-03-26,44500.828125,44500.828125,44735.99609375,44166.2734375,44349.859375,16950455995
2022-03-27,46820.4921875,46820.4921875,46827.546875,44437.29296875,44505.35546875,28160889722
2022-03-28,47128.00390625,47128.00390625,48086.8359375,46690.203125,46821.8515625,36362175703
2022-03-29,47465.73046875,47465.73046875,48022.2890625,47100.4375,47100.4375,31397059069
2022-03-30,47062.6640625,47062.6640625,47655.1484375,46746.2109375,47456.8984375,29333883962
2022-03-31,45538.67578125,45538.67578125,47512.02734375,45390.5390625,47062.1484375,33327427106
2022-04-01,46281.64453125,46281.64453125,46616.2421875,44403.140625,45554.1640625,38162644287
2022-04-02,45868.94921875,45868.94921875,47028.28125,45782.51171875,46285.5,29336594194
2022-04-03,46453.56640625,46453.56640625,47313.4765625,45634.10546875,45859.12890625,25414397610
2022-04-04,46622.67578125,46622.67578125,46791.08984375,45235.81640625,46445.2734375,32499785455
2022-04-05,45555.9921875,45555.9921875,47106.140625,45544.80859375,46624.5078125,29640604055
2022-04-06,43206.73828125,43206.73828125,45544.35546875,43193.953125,45544.35546875,39393395788
2022-04-07,43503.84765625,43503.84765625,43860.69921875,42899.90625,43207.5,26101973106
2022-04-08,42287.6640625,42287.6640625,43903.01953125,42183.2890625,43505.13671875,27215995394
2022-04-09,42782.13671875,42782.13671875,42786.81640625,42183.25390625,42282.078125,16050772496
2022-04-10,42207.671875,42207.671875,43376.37890625,42021.20703125,42781.08984375,17654475582
2022-04-11,39521.90234375,39521.90234375,42424.58984375,39373.05859375,42201.0390625,33949912166
2022-04-12,40127.18359375,40127.18359375,40617.5859375,39388.328125,39533.71484375,30991500854
2022-04-13,41166.73046875,41166.73046875,41430.0546875,39712.74609375,40123.5703125,27691105228
2022-04-14,39935.515625,39935.515625,41451.48046875,39695.74609375,41160.21875,24342001973
2022-04-15,40553.46484375,40553.46484375,40617.72265625,39866.83203125,39939.40234375,21756855753
2022-04-16,40424.484375,40424.484375,40633.6796875,40078.42578125,40552.31640625,16833150693
2022-04-17,39716.953125,39716.953125,40570.7265625,39620.89453125,40417.77734375,19087633042
2022-04-18,40826.21484375,40826.21484375,40986.3203125,38696.19140625,39721.203125,33705182072
2022-04-19,41502.75,41502.75,41672.9609375,40618.6328125,40828.17578125,25303206547
2022-04-20,41374.37890625,41374.37890625,42126.30078125,40961.09765625,41501.74609375,27819532341
2022-04-21,40527.36328125,40527.36328125,42893.58203125,40063.828125,41371.515625,35372786395
2022-04-22,39740.3203125,39740.3203125,40777.7578125,39315.41796875,40525.86328125,28011716745
2022-04-23,39486.73046875,39486.73046875,39935.859375,39352.203125,39738.72265625,16138021249
2022-04-24,39469.29296875,39469.29296875,39845.92578125,39233.5390625,39478.375,17964398167
2022-04-25,40458.30859375,40458.30859375,40491.75390625,38338.37890625,39472.60546875,35445730570
2022-04-26,38117.4609375,38117.4609375,40713.890625,37884.984375,40448.421875,34569088416
2022-04-27,39241.12109375,39241.12109375,39397.91796875,37997.3125,38120.30078125,30981015184
2022-04-28,39773.828125,39773.828125,40269.46484375,38941.421875,39241.4296875,33903704907
2022-04-29,38609.82421875,38609.82421875,39887.26953125,38235.53515625,39768.6171875,30882994649
2022-04-30,37714.875,37714.875,38771.2109375,37697.94140625,38605.859375,23895713731
2022-05-01,38469.09375,38469.09375,38627.859375,37585.7890625,37713.265625,27002760110
2022-05-02,38529.328125,38529.328125,39074.97265625,38156.5625,38472.1875,32922642426
2022-05-03,37750.453125,37750.453125,38629.99609375,37585.62109375,38528.109375,27326943244
2022-05-04,39698.37109375,39698.37109375,39902.94921875,37732.05859375,37748.01171875,36754404490
2022-05-05,36575.140625,36575.140625,39789.28125,35856.515625,39695.74609375,43106256317
2022-05-06,36040.921875,36040.921875,36624.359375,35482.1328125,36573.18359375,37795577489
2022-05-07,35501.953125,35501.953125,36129.92578125,34940.82421875,36042.50390625,24375896406
2022-05-08,34059.265625,34059.265625,35502.94140625,33878.96484375,35502.94140625,36763041910
2022-05-09,30296.953125,30296.953125,34222.07421875,30296.953125,34060.015625,63355494961
2022-05-10,31022.90625,31022.90625,32596.30859375,29944.802734375,30273.654296875,59811038817
2022-05-11,28936.35546875,28936.35546875,32013.40234375,28170.4140625,31016.18359375,70388855818
2022-05-12,29047.751953125,29047.751953125,30032.439453125,26350.490234375,28936.734375,66989173272
2022-05-13,29283.103515625,29283.103515625,30924.802734375,28782.330078125,29030.91015625,42841124537
2022-05-14,30101.265625,30101.265625,30192.802734375,28702.91015625,29285.642578125,28579868620
2022-05-15,31305.11328125,31305.11328125,31308.19140625,29527.740234375,30098.5859375,25835372065
2022-05-16,29862.91796875,29862.91796875,31305.341796875,29251.884765625,31304.375,32613897286
2022-05-17,30425.857421875,30425.857421875,30694.490234375,29570.302734375,29862.408203125,29101473475
2022-05-18,28720.271484375,28720.271484375,30618.716796875,28720.271484375,30424.478515625,31285268319
2022-05-19,30314.333984375,30314.333984375,30430.751953125,28708.955078125,28720.359375,33773447707
2022-05-20,29200.740234375,29200.740234375,30664.9765625,28793.60546875,30311.119140625,30749382605
2022-05-21,29432.2265625,29432.2265625,29588.869140625,29027.39453125,29199.859375,17274840442
2022-05-22,30323.72265625,30323.72265625,30425.861328125,29275.18359375,29432.47265625,21631532270
2022-05-23,29098.91015625,29098.91015625,30590.5859375,28975.560546875,30309.396484375,31483454557
2022-05-24,29655.5859375,29655.5859375,29774.35546875,28786.58984375,29101.125,26616506245
2022-05-25,29562.361328125,29562.361328125,30157.78515625,29384.94921875,29653.134765625,27525063551
2022-05-26,29267.224609375,29267.224609375,29834.16015625,28261.90625,29564.77734375,36774325352
2022-05-27,28627.57421875,28627.57421875,29346.943359375,28326.61328125,29251.140625,36582005748
2022-05-28,28814.900390625,28814.900390625,28814.900390625,28554.56640625,28622.625,35519577634
2022-05-29,29445.95703125,29445.95703125,29498.009765625,28841.107421875,29019.8671875,18093886409
2022-05-30,31726.390625,31726.390625,31949.630859375,29303.572265625,29443.365234375,39277993274
2022-05-31,31792.310546875,31792.310546875,32249.86328125,31286.154296875,31723.865234375,33538210634
2022-06-01,29799.080078125,29799.080078125,31957.28515625,29501.587890625,31792.5546875,41135817341
2022-06-02,30467.48828125,30467.48828125,30604.734375,29652.705078125,29794.890625,29083562061
2022-06-03,29704.390625,29704.390625,30633.03515625,29375.689453125,30467.806640625,26175547452
2022-06-04,29832.9140625,29832.9140625,29930.564453125,29500.005859375,29706.138671875,16588370958
2022-06-05,29906.662109375,29906.662109375,30117.744140625,29574.44921875,29835.1171875,17264085441
2022-06-06,31370.671875,31370.671875,31693.291015625,29894.1875,29910.283203125,31947336829
2022-06-07,31155.478515625,31155.478515625,31489.68359375,29311.68359375,31371.7421875,40770974039
2022-06-08,30214.35546875,30214.35546875,31253.69140625,29944.404296875,31151.48046875,30242059107
2022-06-09,30111.998046875,30111.998046875,30609.310546875,30020.265625,30215.279296875,21692004719
2022-06-10,29083.8046875,29083.8046875,30245.80859375,28978.146484375,30110.330078125,29867476527
2022-06-11,28360.810546875,28360.810546875,29401.916015625,28236.212890625,29084.666015625,27246574439
2022-06-12,26762.6484375,26762.6484375,28502.685546875,26762.6484375,28373.513671875,34163220274
2022-06-13,22487.388671875,22487.388671875,26795.58984375,22141.2578125,26737.578125,68204556440
2022-06-14,22206.79296875,22206.79296875,23018.951171875,20950.818359375,22487.986328125,50913575242
2022-06-15,22572.83984375,22572.83984375,22642.671875,20178.376953125,22196.73046875,54912007015
2022-06-16,20381.650390625,20381.650390625,22868.921875,20265.2265625,22576.3046875,31183975654
2022-06-17,20471.482421875,20471.482421875,21243.3125,20326.51953125,20385.71875,27132421514
2022-06-18,19017.642578125,19017.642578125,20736.041015625,17708.623046875,20473.42578125,42009436760
2022-06-19,20553.271484375,20553.271484375,20683.822265625,18067.15234375,19010.90234375,35329942625
2022-06-20,20599.537109375,20599.537109375,20913.322265625,19689.169921875,20553.37109375,30818458597
2022-06-21,20710.59765625,20710.59765625,21620.62890625,20415.0625,20594.294921875,28970212744
2022-06-22,19987.029296875,19987.029296875,20835.75,19848.078125,20719.4140625,28574793478
2022-06-23,21085.876953125,21085.876953125,21135.76171875,19950.1171875,19986.607421875,26188097173
2022-06-24,21231.65625,21231.65625,21472.91796875,20777.51171875,21084.6484375,24957784918
2022-06-25,21502.337890625,21502.337890625,21520.9140625,20964.5859375,21233.609375,18372538715
2022-06-26,21027.294921875,21027.294921875,21783.724609375,21016.26953125,21496.494140625,18027170497
2022-06-27,20735.478515625,20735.478515625,21478.08984375,20620.19921875,21028.23828125,20965695707
2022-06-28,20280.634765625,20280.634765625,21164.423828125,20228.8125,20731.544921875,21381535161
2022-06-29,20104.0234375,20104.0234375,20364.15625,19937.791015625,20281.169921875,23552740328
2022-06-30,19784.7265625,19784.7265625,20141.16015625,18729.65625,20108.3125,26267239923
2022-07-01,19269.3671875,19269.3671875,20632.671875,19073.708984375,19820.470703125,30767551159
2022-07-02,19242.255859375,19242.255859375,19371.748046875,19027.08203125,19274.8359375,18100418740
2022-07-03,19297.076171875,19297.076171875,19558.26953125,18966.951171875,19242.095703125,16390821947
2022-07-04,20231.26171875,20231.26171875,20258.748046875,19063.06640625,19297.314453125,21594638208
2022-07-05,20190.115234375,20190.115234375,20635.466796875,19341.232421875,20225.353515625,26715546990
2022-07-06,20548.24609375,20548.24609375,20595.529296875,19823.51171875,20194.619140625,24598943708
2022-07-07,21637.587890625,21637.587890625,21771.81640625,20296.103515625,20547.814453125,25814972520
2022-07-08,21731.1171875,21731.1171875,22314.94140625,21257.453125,21637.154296875,49899834488
2022-07-09,21592.20703125,21592.20703125,21877.138671875,21445.95703125,21716.828125,29641127858
2022-07-10,20860.44921875,20860.44921875,21591.080078125,20727.123046875,21591.080078125,28688807249
2022-07-11,19970.556640625,19970.556640625,20856.353515625,19924.5390625,20856.353515625,24150249025
2022-07-12,19323.9140625,19323.9140625,20043.4453125,19308.53125,19970.474609375,25810220018
2022-07-13,20212.07421875,20212.07421875,20223.052734375,18999.953125,19325.97265625,33042430345
2022-07-14,20569.919921875,20569.919921875,20789.89453125,19689.2578125,20211.466796875,31158743333
2022-07-15,20836.328125,20836.328125,21138.244140625,20397.0,20573.15625,25905575359
2022-07-16,21190.31640625,21190.31640625,21514.404296875,20518.8984375,20834.103515625,24302954056
2022-07-17,20779.34375,20779.34375,21600.640625,20778.1796875,21195.041015625,22927802083
2022-07-18,22485.689453125,22485.689453125,22633.033203125,20781.912109375,20781.912109375,39974475562
2022-07-19,23389.43359375,23389.43359375,23666.962890625,21683.40625,22467.849609375,48765202697
2022-07-20,23231.732421875,23231.732421875,24196.818359375,23009.94921875,23393.19140625,42932549127
2022-07-21,23164.62890625,23164.62890625,23388.322265625,22431.1484375,23233.201171875,33631012204
2022-07-22,22714.978515625,22714.978515625,23671.927734375,22603.416015625,23163.751953125,31421555646
2022-07-23,22465.478515625,22465.478515625,22977.2109375,22002.91015625,22706.984375,24021799169
2022-07-24,22609.1640625,22609.1640625,22974.001953125,22306.83984375,22465.509765625,23565495303
2022-07-25,21361.701171875,21361.701171875,22649.12109375,21361.642578125,22607.15625,35574561406
2022-07-26,21239.75390625,21239.75390625,21361.12109375,20776.81640625,21361.12109375,28624673855
2022-07-27,22930.548828125,22930.548828125,22986.529296875,21070.806640625,21244.169921875,31758955233
2022-07-28,23843.88671875,23843.88671875,24110.470703125,22722.265625,22933.640625,40212386158
2022-07-29,23804.6328125,23804.6328125,24294.787109375,23481.173828125,23845.212890625,35887249746
2022-07-30,23656.20703125,23656.20703125,24572.580078125,23580.5078125,23796.818359375,28148218301
2022-07-31,23336.896484375,23336.896484375,24121.642578125,23275.703125,23652.0703125,23553591896
2022-08-01,23314.19921875,23314.19921875,23464.787109375,22890.796875,23336.71875,25849159141
2022-08-02,22978.1171875,22978.1171875,23415.041015625,22710.083984375,23308.43359375,28389250717
2022-08-03,22846.5078125,22846.5078125,23578.650390625,22747.8359375,22981.302734375,26288169966
2022-08-04,22630.95703125,22630.95703125,23198.009765625,22485.701171875,22848.21484375,25120229769
2022-08-05,23289.314453125,23289.314453125,23422.828125,22612.177734375,22626.833984375,28881249043
2022-08-06,22961.279296875,22961.279296875,23326.5625,22961.279296875,23291.423828125,15978259885
2022-08-07,23175.890625,23175.890625,23359.009765625,22894.556640625,22963.505859375,15886817043
2022-08-08,23809.486328125,23809.486328125,24203.689453125,23176.546875,23179.52734375,28575544847
2022-08-09,23164.318359375,23164.318359375,23898.615234375,22982.0,23811.484375,23555719219
2022-08-10,23947.642578125,23947.642578125,24127.4140625,22771.51953125,23162.8984375,32837431722
2022-08-11,23957.529296875,23957.529296875,24822.62890625,23900.99609375,23948.345703125,37127036580
2022-08-12,24402.818359375,24402.818359375,24412.56640625,23657.265625,23957.203125,27265804688
2022-08-13,24424.068359375,24424.068359375,24860.05078125,24346.115234375,24402.1875,22987346289
2022-08-14,24319.333984375,24319.333984375,24974.9140625,24206.259765625,24429.056640625,22994133555
2022-08-15,24136.97265625,24136.97265625,25135.58984375,23839.775390625,24318.31640625,35123501685
2022-08-16,23883.291015625,23883.291015625,24228.416015625,23733.5,24126.13671875,27753685646
2022-08-17,23335.998046875,23335.998046875,24407.05859375,23243.353515625,23881.31640625,30931623076
2022-08-18,23212.73828125,23212.73828125,23563.83203125,23177.6015625,23341.0390625,23747613147
2022-08-19,20877.552734375,20877.552734375,23213.3125,20868.84765625,23213.3125,40509610260
2022-08-20,21166.060546875,21166.060546875,21350.806640625,20856.73046875,20872.841796875,27595671000
2022-08-21,21534.12109375,21534.12109375,21668.845703125,21103.197265625,21160.392578125,23102307723
2022-08-22,21398.908203125,21398.908203125,21531.462890625,20939.18359375,21531.462890625,31666498758
2022-08-23,21528.087890625,21528.087890625,21646.203125,20955.138671875,21401.044921875,31878280659
2022-08-24,21395.01953125,21395.01953125,21783.076171875,21195.005859375,21526.455078125,31962253368
2022-08-25,21600.904296875,21600.904296875,21789.63671875,21362.44140625,21395.458984375,31028679593
2022-08-26,20260.01953125,20260.01953125,21804.908203125,20199.482421875,21596.0859375,42326789564
2022-08-27,20041.73828125,20041.73828125,20340.775390625,19890.5234375,20262.48046875,30116729776
2022-08-28,19616.814453125,19616.814453125,20139.0546875,19616.814453125,20041.03515625,24366810591
2022-08-29,20297.994140625,20297.994140625,20357.462890625,19600.78515625,19615.154296875,32637854078
2022-08-30,19796.80859375,19796.80859375,20542.64453125,19617.640625,20298.611328125,34483360283
2022-08-31,20049.763671875,20049.763671875,20420.990234375,19799.58203125,19799.58203125,33225232872
2022-09-01,20127.140625,20127.140625,20198.390625,19653.96875,20050.498046875,30182031010
2022-09-02,19969.771484375,19969.771484375,20401.568359375,19814.765625,20126.072265625,29123998928
2022-09-03,19832.087890625,19832.087890625,20037.009765625,19698.35546875,19969.71875,23613051457
2022-09-04,19986.712890625,19986.712890625,19999.689453125,19636.81640625,19832.470703125,25245861652
2022-09-05,19812.37109375,19812.37109375,20031.16015625,19673.046875,19988.7890625,28813460025
2022-09-06,18837.66796875,18837.66796875,20155.26953125,18800.171875,19817.724609375,43403978910
2022-09-07,19290.32421875,19290.32421875,19427.171875,18644.466796875,18837.68359375,35239757134
2022-09-08,19329.833984375,19329.833984375,19417.3515625,19076.71484375,19289.94140625,32194477850
2022-09-09,21381.15234375,21381.15234375,21439.41015625,19310.962890625,19328.140625,48469528171
2022-09-10,21680.5390625,21680.5390625,21760.275390625,21168.72265625,21376.912109375,36913738894
2022-09-11,21769.255859375,21769.255859375,21770.552734375,21406.9453125,21678.54296875,34493951963
2022-09-12,22370.44921875,22370.44921875,22439.181640625,21603.896484375,21770.1484375,50212088965
2022-09-13,20296.70703125,20296.70703125,22673.8203125,20062.669921875,22371.48046875,51091116622
2022-09-14,20241.08984375,20241.08984375,20467.201171875,19793.396484375,20184.5546875,37872380889
2022-09-15,19701.2109375,19701.2109375,20318.166015625,19636.734375,20242.2890625,36389011503
2022-09-16,19772.583984375,19772.583984375,19870.62890625,19400.076171875,19704.005859375,30123362273
2022-09-17,20127.576171875,20127.576171875,20162.53125,19777.033203125,19777.033203125,24957448100
2022-09-18,19419.505859375,19419.505859375,20127.234375,19387.4921875,20127.234375,31254779144
2022-09-19,19544.12890625,19544.12890625,19639.48046875,18390.318359375,19418.572265625,40177002624
2022-09-20,18890.7890625,18890.7890625,19602.45703125,18813.455078125,19545.591796875,36791346508
2022-09-21,18547.400390625,18547.400390625,19674.630859375,18290.314453125,18891.283203125,46363793975
2022-09-22,19413.55078125,19413.55078125,19456.91015625,18415.591796875,18534.650390625,41135767926
2022-09-23,19297.638671875,19297.638671875,19464.671875,18617.552734375,19412.400390625,38896078052
2022-09-24,18937.01171875,18937.01171875,19310.197265625,18861.974609375,19296.990234375,26149643168
2022-09-25,18802.09765625,18802.09765625,19134.732421875,18696.46875,18936.310546875,23359966112
2022-09-26,19222.671875,19222.671875,19274.873046875,18721.28515625,18803.900390625,44148798321
2022-09-27,19110.546875,19110.546875,20338.455078125,18915.66796875,19221.83984375,58571439619
2022-09-28,19426.720703125,19426.720703125,19688.34375,18553.296875,19104.62109375,53071298734
2022-09-29,19573.05078125,19573.05078125,19589.265625,18924.353515625,19427.779296875,41037843771
2022-09-30,19431.7890625,19431.7890625,20109.849609375,19265.662109375,19573.431640625,43975248085
2022-10-01,19312.095703125,19312.095703125,19471.154296875,19231.08203125,19431.10546875,18719537670
2022-10-02,19044.107421875,19044.107421875,19370.30859375,18970.62109375,19311.849609375,20765955327
2022-10-03,19623.580078125,19623.580078125,19653.54296875,19025.2265625,19044.068359375,30484729489
2022-10-04,20336.84375,20336.84375,20380.34375,19523.83984375,19623.583984375,35887278685
2022-10-05,20160.716796875,20160.716796875,20343.748046875,19801.80078125,20335.900390625,33223790572
2022-10-06,19955.443359375,19955.443359375,20408.392578125,19900.087890625,20161.0390625,34711412966
2022-10-07,19546.849609375,19546.849609375,20041.0859375,19395.79296875,19957.55859375,29227315390
2022-10-08,19416.568359375,19416.568359375,19601.6953125,19299.4140625,19546.328125,16437423167
2022-10-09,19446.42578125,19446.42578125,19542.5390625,19349.259765625,19417.478515625,16837262532
2022-10-10,19141.484375,19141.484375,19515.466796875,19102.978515625,19446.416015625,27425022774
2022-10-11,19051.41796875,19051.41796875,19241.9609375,18925.603515625,19139.0,28711532910
2022-10-12,19157.4453125,19157.4453125,19203.19921875,19029.7578125,19052.646484375,24950173846
2022-10-13,19382.904296875,19382.904296875,19453.328125,18319.822265625,19156.966796875,44219840004
2022-10-14,19185.65625,19185.65625,19889.146484375,19115.408203125,19382.533203125,38452356727
2022-10-15,19067.634765625,19067.634765625,19212.541015625,19019.25,19185.4375,16192235532
2022-10-16,19268.09375,19268.09375,19389.603515625,19068.9140625,19068.9140625,17988916650
2022-10-17,19550.7578125,19550.7578125,19635.802734375,19173.333984375,19268.5625,27472552998
2022-10-18,19334.416015625,19334.416015625,19666.994140625,19144.76953125,19550.466796875,30580012344
2022-10-19,19139.53515625,19139.53515625,19348.416015625,19127.6875,19335.02734375,22425387184
2022-10-20,19053.740234375,19053.740234375,19315.19921875,18971.458984375,19138.0859375,24493974420
2022-10-21,19172.46875,19172.46875,19237.384765625,18770.970703125,19053.203125,32459287866
2022-10-22,19208.189453125,19208.189453125,19248.068359375,19132.244140625,19172.380859375,16104440957
2022-10-23,19567.0078125,19567.0078125,19646.65234375,19124.197265625,19207.734375,22128794335
2022-10-24,19345.572265625,19345.572265625,19589.125,19206.32421875,19567.76953125,30202235805
2022-10-25,20095.857421875,20095.857421875,20348.412109375,19261.447265625,19344.96484375,47761524910
2022-10-26,20770.44140625,20770.44140625,20938.134765625,20076.1171875,20092.236328125,58895950537
2022-10-27,20285.8359375,20285.8359375,20854.044921875,20255.373046875,20772.802734375,49625110402
2022-10-28,20595.3515625,20595.3515625,20724.98046875,20086.068359375,20287.95703125,43994715910
2022-10-29,20818.4765625,20818.4765625,20988.39453125,20566.484375,20595.103515625,40369840645
2022-10-30,20635.603515625,20635.603515625,20917.005859375,20547.462890625,20817.982421875,31486345556
2022-10-31,20495.7734375,20495.7734375,20795.3203125,20287.458984375,20633.6953125,45668466815
2022-11-01,20485.2734375,20485.2734375,20647.2890625,20359.845703125,20494.8984375,39819303159
2022-11-02,20159.50390625,20159.50390625,20742.810546875,20087.134765625,20482.958984375,55552169483
2022-11-03,20209.98828125,20209.98828125,20382.095703125,20086.240234375,20162.689453125,43228750179
2022-11-04,21147.23046875,21147.23046875,21209.560546875,20188.01953125,20208.76953125,64072727950
2022-11-05,21282.69140625,21282.69140625,21446.88671875,21097.634765625,21144.83203125,37846047609
2022-11-06,20926.486328125,20926.486328125,21345.376953125,20920.19140625,21285.056640625,35082693210
2022-11-07,20602.81640625,20602.81640625,21053.24609375,20489.97265625,20924.62109375,53510852236
2022-11-08,18541.271484375,18541.271484375,20664.607421875,17603.544921875,20600.671875,118992465607
2022-11-09,15880.7802734375,15880.7802734375,18590.458984375,15682.6923828125,18543.76171875,102905151606
2022-11-10,17586.771484375,17586.771484375,18054.3125,15834.0185546875,15883.158203125,83202283721
2022-11-11,17034.29296875,17034.29296875,17650.943359375,16543.482421875,17583.251953125,55871616488
2022-11-12,16799.185546875,16799.185546875,17066.67578125,16651.775390625,17036.875,29717699419
2022-11-13,16353.365234375,16353.365234375,16920.765625,16320.634765625,16799.72265625,27209183682
2022-11-14,16618.19921875,16618.19921875,17109.32421875,15872.94140625,16352.0283203125,49630243054
2022-11-15,16884.61328125,16884.61328125,17051.962890625,16542.55078125,16617.484375,36599436183
2022-11-16,16669.439453125,16669.439453125,16960.294921875,16430.111328125,16884.341796875,33925512989
2022-11-17,16687.517578125,16687.517578125,16726.439453125,16460.68359375,16670.42578125,27868914022
2022-11-18,16697.77734375,16697.77734375,16947.05859375,16564.611328125,16687.912109375,26862218609
2022-11-19,16711.546875,16711.546875,16797.876953125,16570.41015625,16696.220703125,16106223492
2022-11-20,16291.83203125,16291.83203125,16746.779296875,16248.6923828125,16712.919921875,21313378652
2022-11-21,15787.2841796875,15787.2841796875,16291.2236328125,15599.046875,16291.2236328125,37429485518
2022-11-22,16189.76953125,16189.76953125,16253.0478515625,15656.6064453125,15782.30078125,30726828760
2022-11-23,16610.70703125,16610.70703125,16638.193359375,16170.5029296875,16195.5888671875,32958875628
2022-11-24,16604.46484375,16604.46484375,16771.474609375,16501.767578125,16611.63671875,26129037414
2022-11-25,16521.841796875,16521.841796875,16603.31640625,16388.404296875,16602.26953125,18678255976
2022-11-26,16464.28125,16464.28125,16666.86328125,16416.228515625,16521.576171875,18000008764
2022-11-27,16444.626953125,16444.626953125,16594.40625,16437.025390625,16463.8828125,20443898509
2022-11-28,16217.322265625,16217.322265625,16482.93359375,16054.5302734375,16440.22265625,27743025156
2022-11-29,16444.982421875,16444.982421875,16522.2578125,16139.396484375,16217.6396484375,23581685468
2022-11-30,17168.56640625,17168.56640625,17190.9375,16445.4765625,16445.4765625,29523576583
2022-12-01,16967.1328125,16967.1328125,17197.498046875,16888.388671875,17168.001953125,22895392882
2022-12-02,17088.66015625,17088.66015625,17088.66015625,16877.880859375,16968.68359375,19539705127
2022-12-03,16908.236328125,16908.236328125,17116.041015625,16888.140625,17090.09765625,16217776704
2022-12-04,17130.486328125,17130.486328125,17157.767578125,16903.439453125,16908.169921875,16824520830
2022-12-05,16974.826171875,16974.826171875,17378.15234375,16922.431640625,17128.89453125,22209086834
2022-12-06,17089.50390625,17089.50390625,17091.86328125,16939.921875,16975.23828125,19889922369
2022-12-07,16848.126953125,16848.126953125,17109.376953125,16750.55859375,17089.505859375,19675404389
2022-12-08,17233.474609375,17233.474609375,17267.916015625,16788.783203125,16847.349609375,20496603770
2022-12-09,17133.15234375,17133.15234375,17280.546875,17100.8359375,17232.1484375,20328426366
2022-12-10,17128.724609375,17128.724609375,17216.826171875,17120.68359375,17134.220703125,12706781969
2022-12-11,17104.193359375,17104.193359375,17245.634765625,17091.8203125,17129.7109375,14122486832
2022-12-12,17206.4375,17206.4375,17212.564453125,16899.39453125,17102.5,19617581341
2022-12-13,17781.318359375,17781.318359375,17930.0859375,17111.763671875,17206.44140625,26634741631
2022-12-14,17815.650390625,17815.650390625,18318.53125,17739.513671875,17782.06640625,25534481470
2022-12-15,17364.865234375,17364.865234375,17846.744140625,17322.58984375,17813.64453125,20964448341
2022-12-16,16647.484375,16647.484375,17505.525390625,16584.701171875,17364.546875,24031608960
2022-12-17,16795.091796875,16795.091796875,16800.58984375,16614.029296875,16646.982421875,14463581825
2022-12-18,16757.9765625,16757.9765625,16815.38671875,16697.8203125,16795.609375,10924354698
2022-12-19,16439.6796875,16439.6796875,16807.52734375,16398.13671875,16759.041015625,17221074814
2022-12-20,16906.3046875,16906.3046875,17012.984375,16427.8671875,16441.787109375,22722096615
2022-12-21,16817.53515625,16817.53515625,16916.80078125,16755.912109375,16904.52734375,14882945045
2022-12-22,16830.341796875,16830.341796875,16866.673828125,16592.408203125,16818.380859375,16441573050
2022-12-23,16796.953125,16796.953125,16905.21875,16794.458984375,16829.64453125,15329265213
2022-12-24,16847.755859375,16847.755859375,16864.703125,16793.52734375,16796.9765625,9744636213
2022-12-25,16841.986328125,16841.986328125,16860.5546875,16755.25390625,16847.505859375,11656379938
2022-12-26,16919.8046875,16919.8046875,16920.123046875,16812.369140625,16842.25,11886957804
2022-12-27,16717.173828125,16717.173828125,16959.845703125,16642.072265625,16919.291015625,15748580239
2022-12-28,16552.572265625,16552.572265625,16768.169921875,16497.556640625,16716.400390625,17005713920
2022-12-29,16642.341796875,16642.341796875,16651.755859375,16508.68359375,16552.322265625,14472237479
2022-12-30,16602.5859375,16602.5859375,16643.427734375,16408.474609375,16641.330078125,15929162910
2022-12-31,16547.49609375,16547.49609375,16628.986328125,16517.51953125,16603.673828125,11239186456
2023-01-01,16625.080078125,16625.080078125,16630.439453125,16521.234375,16547.9140625,9244361700
2023-01-02,16688.470703125,16688.470703125,16759.34375,16572.228515625,16625.509765625,12097775227
2023-01-03,16679.857421875,16679.857421875,16760.447265625,16622.37109375,16688.84765625,13903079207
2023-01-04,16863.23828125,16863.23828125,16964.5859375,16667.763671875,16680.205078125,18421743322
2023-01-05,16836.736328125,16836.736328125,16884.021484375,16790.283203125,16863.47265625,13692758566
2023-01-06,16951.96875,16951.96875,16991.994140625,16716.421875,16836.47265625,14413662913
2023-01-07,16955.078125,16955.078125,16975.017578125,16914.19140625,16952.1171875,7714767174
2023-01-08,17091.14453125,17091.14453125,17091.14453125,16924.05078125,16954.146484375,9768827914
2023-01-09,17196.5546875,17196.5546875,17389.95703125,17093.9921875,17093.9921875,18624736866
2023-01-10,17446.29296875,17446.29296875,17484.720703125,17162.990234375,17192.94921875,15808338949
2023-01-11,17934.896484375,17934.896484375,17934.896484375,17337.994140625,17446.359375,18372283782
2023-01-12,18869.587890625,18869.587890625,19030.087890625,17995.203125,18117.59375,34971338710
2023-01-13,19909.57421875,19909.57421875,19964.322265625,18753.1640625,18868.90625,29225029694
2023-01-14,20976.298828125,20976.298828125,21075.142578125,19907.828125,19910.537109375,38967784639
2023-01-15,20880.798828125,20880.798828125,20993.748046875,20606.986328125,20977.484375,19298407543
2023-01-16,21169.6328125,21169.6328125,21360.875,20715.74609375,20882.224609375,26792494050
2023-01-17,21161.51953125,21161.51953125,21438.66015625,20978.533203125,21175.833984375,24999983362
2023-01-18,20688.78125,20688.78125,21564.501953125,20541.544921875,21161.05078125,30005625418
2023-01-19,21086.79296875,21086.79296875,21163.01171875,20685.380859375,20686.74609375,21152848261
2023-01-20,22676.552734375,22676.552734375,22692.357421875,20919.126953125,21085.373046875,28799154319
2023-01-21,22777.625,22777.625,23282.34765625,22511.833984375,22677.427734375,32442278429
2023-01-22,22720.416015625,22720.416015625,23056.73046875,22387.900390625,22777.986328125,24746386230
2023-01-23,22934.431640625,22934.431640625,23126.486328125,22654.3046875,22721.087890625,26518700512
2023-01-24,22636.46875,22636.46875,23134.01171875,22549.744140625,22929.626953125,26405069715
2023-01-25,23117.859375,23117.859375,23722.099609375,22406.076171875,22639.267578125,30685366709
2023-01-26,23032.77734375,23032.77734375,23237.078125,22911.373046875,23108.955078125,26357839322
2023-01-27,23078.728515625,23078.728515625,23417.720703125,22654.59375,23030.716796875,25383335641
2023-01-28,23031.08984375,23031.08984375,23165.896484375,22908.845703125,23079.96484375,14712928379
2023-01-29,23774.56640625,23774.56640625,23919.890625,22985.0703125,23031.44921875,27423687259
2023-01-30,22840.138671875,22840.138671875,23789.34765625,22657.58203125,23774.6484375,27205595568
2023-01-31,23139.283203125,23139.283203125,23225.021484375,22765.568359375,22840.796875,22837828665
2023-02-01,23723.76953125,23723.76953125,23764.5390625,22877.75,23137.8359375,26683255504
2023-02-02,23471.87109375,23471.87109375,24167.2109375,23468.595703125,23720.82421875,32066936882
2023-02-03,23449.322265625,23449.322265625,23678.103515625,23279.955078125,23469.412109375,27083066007
2023-02-04,23331.84765625,23331.84765625,23556.94921875,23291.794921875,23446.3203125,15639298538
2023-02-05,22955.666015625,22955.666015625,23423.435546875,22841.759765625,23332.248046875,19564262605
2023-02-06,22760.109375,22760.109375,23119.279296875,22692.025390625,22954.021484375,23825006542
2023-02-07,23264.291015625,23264.291015625,23310.974609375,22756.2578125,22757.267578125,27187964471
2023-02-08,22939.3984375,22939.3984375,23367.958984375,22731.09765625,23263.416015625,25371367758
2023-02-09,21819.0390625,21819.0390625,22996.4375,21773.974609375,22946.56640625,32572572185
2023-02-10,21651.18359375,21651.18359375,21941.185546875,21539.392578125,21819.005859375,27078406594
2023-02-11,21870.875,21870.875,21891.41015625,21618.44921875,21651.841796875,16356226232
2023-02-12,21788.203125,21788.203125,22060.994140625,21682.828125,21870.90234375,17821046406
2023-02-13,21808.1015625,21808.1015625,21898.4140625,21460.087890625,21787.0,23918742607
2023-02-14,22220.8046875,22220.8046875,22293.140625,21632.39453125,21801.822265625,26792596581
2023-02-15,24307.841796875,24307.841796875,24307.841796875,22082.76953125,22220.5859375,32483312909
2023-02-16,23623.474609375,23623.474609375,25134.1171875,23602.5234375,24307.349609375,39316664596
2023-02-17,24565.6015625,24565.6015625,24924.041015625,23460.755859375,23621.283203125,41358451255
2023-02-18,24641.27734375,24641.27734375,24798.8359375,24468.373046875,24565.296875,19625427158
2023-02-19,24327.642578125,24327.642578125,25093.0546875,24327.642578125,24640.02734375,25555105670
2023-02-20,24829.1484375,24829.1484375,25020.458984375,23927.91015625,24336.623046875,28987376573
2023-02-21,24436.353515625,24436.353515625,25126.8515625,24200.36328125,24833.048828125,31252098714
2023-02-22,24188.84375,24188.84375,24472.33984375,23644.318359375,24437.41796875,30199996781
2023-02-23,23947.4921875,23947.4921875,24572.08984375,23693.919921875,24190.71875,30476264066
2023-02-24,23198.126953125,23198.126953125,24103.705078125,23007.072265625,23946.0078125,26811744928
2023-02-25,23175.375,23175.375,23210.2109375,22861.55859375,23200.125,16100721565
2023-02-26,23561.212890625,23561.212890625,23654.3671875,23084.220703125,23174.150390625,16644534842
2023-02-27,23522.87109375,23522.87109375,23857.890625,23205.87890625,23561.451171875,22660763494
2023-02-28,23147.353515625,23147.353515625,23585.384765625,23077.650390625,23521.837890625,20535363434
2023-03-01,23646.55078125,23646.55078125,23880.6328125,23088.626953125,23150.9296875,24662841200
2023-03-02,23475.466796875,23475.466796875,23739.138671875,23245.021484375,23647.01953125,20386398516
2023-03-03,22362.6796875,22362.6796875,23479.34765625,22213.23828125,23476.6328125,26062404610
2023-03-04,22353.349609375,22353.349609375,22405.177734375,22198.98046875,22362.923828125,11166012913
2023-03-05,22435.513671875,22435.513671875,22613.685546875,22307.142578125,22354.14453125,13317001733
2023-03-06,22429.7578125,22429.7578125,22584.29296875,22331.314453125,22436.81640625,17353192895
2023-03-07,22219.76953125,22219.76953125,22527.41796875,22011.26171875,22428.322265625,22765452204
2023-03-08,21718.080078125,21718.080078125,22268.896484375,21708.05078125,22216.44140625,22536575684
2023-03-09,20363.021484375,20363.021484375,21802.716796875,20210.306640625,21720.080078125,30364664171
2023-03-10,20187.244140625,20187.244140625,20370.595703125,19628.25390625,20367.001953125,39578257695
2023-03-11,20632.41015625,20632.41015625,20792.525390625,20068.66015625,20187.876953125,30180288176
2023-03-12,22163.94921875,22163.94921875,22185.03125,20448.806640625,20628.029296875,29279035521
2023-03-13,24197.533203125,24197.533203125,24550.837890625,21918.19921875,22156.40625,49466362688
2023-03-14,24746.07421875,24746.07421875,26514.716796875,24081.18359375,24201.765625,54622230164
2023-03-15,24375.9609375,24375.9609375,25240.615234375,23964.91015625,24770.92578125,43655701450
2023-03-16,25052.7890625,25052.7890625,25190.326171875,24225.111328125,24373.45703125,33866061747
2023-03-17,27423.9296875,27423.9296875,27787.8125,24955.169921875,25055.123046875,50730261335
2023-03-18,26965.87890625,26965.87890625,27725.953125,26636.26171875,27448.1171875,35723036817
2023-03-19,28038.67578125,28038.67578125,28440.560546875,26907.716796875,26969.50390625,37769448859
2023-03-20,27767.236328125,27767.236328125,28527.724609375,27242.880859375,28041.6015625,44774027664
2023-03-21,28175.81640625,28175.81640625,28439.5625,27439.646484375,27768.392578125,36102192830
2023-03-22,27307.4375,27307.4375,28803.3359375,26759.99609375,28158.720703125,33382021890
2023-03-23,28333.97265625,28333.97265625,28729.84375,27183.36328125,27301.95703125,24220433689
2023-03-24,27493.28515625,27493.28515625,28388.4375,27039.265625,28324.111328125,25980310960
2023-03-25,27494.70703125,27494.70703125,27791.826171875,27196.234375,27487.337890625,13383005987
2023-03-26,27994.330078125,27994.330078125,28178.14453125,27445.046875,27495.5234375,13878363192
2023-03-27,27139.888671875,27139.888671875,28037.92578125,26606.689453125,27994.068359375,18188895178
2023-03-28,27268.130859375,27268.130859375,27460.71875,26677.818359375,27132.888671875,17783600385
2023-03-29,28348.44140625,28348.44140625,28619.54296875,27259.662109375,27267.03125,20684945906
2023-03-30,28033.5625,28033.5625,29159.90234375,27720.16015625,28350.140625,22435349951
2023-03-31,28478.484375,28478.484375,28639.896484375,27583.71484375,28032.26171875,19001327598
2023-04-01,28411.03515625,28411.03515625,28802.45703125,28297.171875,28473.33203125,10876469901
2023-04-02,28199.30859375,28199.30859375,28518.958984375,27884.087890625,28462.845703125,12284641999
2023-04-03,27790.220703125,27790.220703125,28475.623046875,27276.720703125,28183.080078125,19556501327
2023-04-04,28168.08984375,28168.08984375,28433.7421875,27681.3046875,27795.2734375,15284538859
2023-04-05,28177.984375,28177.984375,28739.23828125,27843.763671875,28169.7265625,17052315986
2023-04-06,28044.140625,28044.140625,28178.384765625,27738.759765625,28175.2265625,13837809380
2023-04-07,27925.859375,27925.859375,28111.59375,27794.03125,28038.966796875,10861680497
2023-04-08,27947.794921875,27947.794921875,28159.86328125,27883.38671875,27920.513671875,9373255556
2023-04-09,28333.05078125,28333.05078125,28532.830078125,27828.48046875,27952.3671875,12175322951
2023-04-10,29652.98046875,29652.98046875,29771.46484375,28189.271484375,28336.02734375,19282400094
2023-04-11,30235.05859375,30235.05859375,30509.083984375,29609.30078125,29653.6796875,20121259843
2023-04-12,30139.052734375,30139.052734375,30462.48046875,29725.57421875,30231.58203125,18651929926
2023-04-13,30399.06640625,30399.06640625,30539.845703125,29878.623046875,29892.740234375,17487721001
2023-04-14,30485.69921875,30485.69921875,31005.607421875,30044.498046875,30409.5625,22659995079
2023-04-15,30318.49609375,30318.49609375,30601.740234375,30245.8828125,30490.75,11940685378
2023-04-16,30315.35546875,30315.35546875,30555.537109375,30157.83203125,30315.9765625,12854816417
2023-04-17,29445.044921875,29445.044921875,30319.197265625,29275.37109375,30317.146484375,17872186762
2023-04-18,30397.552734375,30397.552734375,30470.302734375,29154.849609375,29449.091796875,19480529496
2023-04-19,28822.6796875,28822.6796875,30411.0546875,28669.8984375,30394.1875,24571565421
2023-04-20,28245.98828125,28245.98828125,29076.400390625,28037.2578125,28823.68359375,21340360360
2023-04-21,27276.91015625,27276.91015625,28349.96875,27177.365234375,28249.23046875,20759504330
2023-04-22,27817.5,27817.5,27872.142578125,27169.5703125,27265.89453125,13125734602
2023-04-23,27591.384765625,27591.384765625,27820.244140625,27400.314453125,27816.14453125,12785446832
2023-04-24,27525.33984375,27525.33984375,27979.982421875,27070.849609375,27591.73046875,17703288330
2023-04-25,28307.59765625,28307.59765625,28371.078125,27207.931640625,27514.873046875,17733373139
2023-04-26,28422.701171875,28422.701171875,29995.837890625,27324.548828125,28300.05859375,31854242019
2023-04-27,29473.787109375,29473.787109375,29871.546875,28402.88671875,28428.46484375,27153445027
2023-04-28,29340.26171875,29340.26171875,29572.791015625,28929.609375,29481.013671875,17544464887
2023-04-29,29248.48828125,29248.48828125,29452.455078125,29088.04296875,29336.56640625,10662634333
2023-04-30,29268.806640625,29268.806640625,29952.029296875,29114.021484375,29245.515625,14652199272
2023-05-01,28091.568359375,28091.568359375,29329.935546875,27680.79296875,29227.103515625,18655599976
2023-05-02,28680.537109375,28680.537109375,28881.298828125,27924.123046875,28087.17578125,16432924527
2023-05-03,29006.30859375,29006.30859375,29259.533203125,28178.388671875,28680.494140625,19122972518
2023-05-04,28847.7109375,28847.7109375,29353.185546875,28694.0390625,29031.3046875,15548678514
2023-05-05,29534.384765625,29534.384765625,29668.908203125,28845.509765625,28851.48046875,17936566518
2023-05-06,28904.623046875,28904.623046875,29820.126953125,28468.966796875,29538.859375,15913866714
2023-05-07,28454.978515625,28454.978515625,29157.517578125,28441.3671875,28901.623046875,11301355486
2023-05-08,27694.2734375,27694.2734375,28663.271484375,27310.134765625,28450.45703125,19122903752
2023-05-09,27658.775390625,27658.775390625,27821.400390625,27375.6015625,27695.068359375,14128593256
2023-05-10,27621.755859375,27621.755859375,28322.6875,26883.669921875,27654.63671875,20656025026
2023-05-11,27000.7890625,27000.7890625,27621.94140625,26781.826171875,27621.0859375,16724343943
2023-05-12,26804.990234375,26804.990234375,27055.646484375,25878.4296875,26987.662109375,19313599897
2023-05-13,26784.078125,26784.078125,27030.482421875,26710.873046875,26807.76953125,9999171605
2023-05-14,26930.638671875,26930.638671875,27150.9765625,26661.35546875,26788.974609375,10014858959
2023-05-15,27192.693359375,27192.693359375,27646.34765625,26766.09765625,26931.384765625,14413231792
2023-05-16,27036.650390625,27036.650390625,27299.3046875,26878.947265625,27171.513671875,12732238816
2023-05-17,27398.802734375,27398.802734375,27465.927734375,26600.14453125,27035.470703125,15140006925
2023-05-18,26832.208984375,26832.208984375,27466.52734375,26415.1015625,27401.650390625,15222938600
2023-05-19,26890.12890625,26890.12890625,27128.619140625,26700.2109375,26826.75390625,11258983301
2023-05-20,27129.5859375,27129.5859375,27155.158203125,26843.27734375,26888.841796875,7044911360
2023-05-21,26753.826171875,26753.826171875,27265.91796875,26706.921875,27118.423828125,8647416921
2023-05-22,26851.27734375,26851.27734375,27045.734375,26549.734375,26749.892578125,11056770492
2023-05-23,27225.7265625,27225.7265625,27434.68359375,26816.1796875,26855.9609375,13697203143
2023-05-24,26334.818359375,26334.818359375,27224.603515625,26106.576171875,27224.603515625,16299104428
2023-05-25,26476.20703125,26476.20703125,26591.51953125,25890.59375,26329.4609375,13851122697
2023-05-26,26719.291015625,26719.291015625,26916.669921875,26343.94921875,26474.181640625,12711619225
2023-05-27,26868.353515625,26868.353515625,26888.8828125,26621.140625,26720.181640625,7892015141
2023-05-28,28085.646484375,28085.646484375,28193.44921875,26802.751953125,26871.158203125,14545229578
2023-05-29,27745.884765625,27745.884765625,28432.0390625,27563.876953125,28075.591796875,15181308984
2023-05-30,27702.349609375,27702.349609375,28044.759765625,27588.501953125,27745.123046875,13251081851
2023-05-31,27219.658203125,27219.658203125,27831.677734375,26866.453125,27700.529296875,15656371534
2023-06-01,26819.97265625,26819.97265625,27346.10546875,26671.720703125,27218.412109375,14678970415
2023-06-02,27249.58984375,27249.58984375,27303.861328125,26574.64453125,26824.556640625,14837415000
2023-06-03,27075.12890625,27075.12890625,27317.052734375,26958.00390625,27252.32421875,8385597470
2023-06-04,27119.06640625,27119.06640625,27407.01953125,26968.224609375,27075.123046875,9360912318
2023-06-05,25760.09765625,25760.09765625,27129.982421875,25445.16796875,27123.109375,21513292646
2023-06-06,27238.783203125,27238.783203125,27313.8203125,25434.8671875,25732.109375,21929670693
2023-06-07,26345.998046875,26345.998046875,27332.181640625,26146.98828125,27235.650390625,19530045082
2023-06-08,26508.216796875,26508.216796875,26797.513671875,26246.6640625,26347.654296875,11904824295
2023-06-09,26480.375,26480.375,26770.2890625,26339.314453125,26505.923828125,11015551640
2023-06-10,25851.240234375,25851.240234375,26531.044921875,25501.8359375,26481.76171875,19872933189
2023-06-11,25940.16796875,25940.16796875,26203.439453125,25668.986328125,25854.03125,10732609603
2023-06-12,25902.5,25902.5,26087.919921875,25675.197265625,25934.28515625,11677889997
2023-06-13,25918.728515625,25918.728515625,26376.3515625,25728.365234375,25902.94140625,14143474486
2023-06-14,25124.67578125,25124.67578125,26041.80078125,24902.15234375,25920.2578125,14265717766
2023-06-15,25576.39453125,25576.39453125,25735.30859375,24797.16796875,25121.673828125,15837384409
2023-06-16,26327.462890625,26327.462890625,26463.173828125,25245.357421875,25575.283203125,16324646965
2023-06-17,26510.67578125,26510.67578125,26769.39453125,26174.4921875,26328.6796875,11090276850
2023-06-18,26336.212890625,26336.212890625,26675.92578125,26325.890625,26510.45703125,9565695129
2023-06-19,26851.029296875,26851.029296875,26984.611328125,26312.83203125,26335.44140625,12826986222
2023-06-20,28327.48828125,28327.48828125,28388.96875,26668.791015625,26841.6640625,22211859147
2023-06-21,30027.296875,30027.296875,30737.330078125,28283.41015625,28311.310546875,33346760979
2023-06-22,29912.28125,29912.28125,30495.998046875,29679.158203125,29995.935546875,20653160491
2023-06-23,30695.46875,30695.46875,31389.5390625,29845.21484375,29896.3828125,24115570085
2023-06-24,30548.6953125,30548.6953125,30804.1484375,30290.146484375,30708.73828125,12147822496
2023-06-25,30480.26171875,30480.26171875,31041.271484375,30327.943359375,30545.150390625,12703464114
2023-06-26,30271.130859375,30271.130859375,30636.029296875,29955.744140625,30480.5234375,16493186997
2023-06-27,30688.1640625,30688.1640625,31006.787109375,30236.650390625,30274.3203125,16428827944
2023-06-28,30086.24609375,30086.24609375,30703.279296875,29921.822265625,30696.560546875,14571500779
2023-06-29,30445.3515625,30445.3515625,30796.25,30057.203125,30086.1875,13180860821
2023-06-30,30477.251953125,30477.251953125,31256.86328125,29600.275390625,30441.353515625,26387306197
2023-07-01,30590.078125,30590.078125,30641.2890625,30328.865234375,30471.84765625,9086606733
2023-07-02,30620.76953125,30620.76953125,30766.140625,30264.01953125,30587.26953125,10533418042
2023-07-03,31156.439453125,31156.439453125,31375.61328125,30586.513671875,30624.515625,15271884873
2023-07-04,30777.58203125,30777.58203125,31325.197265625,30659.35546875,31156.865234375,12810828427
2023-07-05,30514.166015625,30514.166015625,30877.330078125,30225.61328125,30778.724609375,12481622280
2023-07-06,29909.337890625,29909.337890625,31460.052734375,29892.2265625,30507.150390625,21129219509
2023-07-07,30342.265625,30342.265625,30434.64453125,29777.28515625,29907.998046875,13384770155
2023-07-08,30292.541015625,30292.541015625,30374.4375,30080.16015625,30346.921875,7509378699
2023-07-09,30171.234375,30171.234375,30427.58984375,30085.591796875,30291.611328125,7903327692
2023-07-10,30414.470703125,30414.470703125,31026.083984375,29985.39453125,30172.423828125,14828209155
2023-07-11,30620.951171875,30620.951171875,30788.314453125,30358.09765625,30417.6328125,12151839152
2023-07-12,30391.646484375,30391.646484375,30959.96484375,30228.8359375,30622.24609375,14805659717
2023-07-13,31476.048828125,31476.048828125,31814.515625,30268.3515625,30387.48828125,23686079548
2023-07-14,30334.068359375,30334.068359375,31582.25390625,29966.38671875,31474.720703125,20917902660
2023-07-15,30295.806640625,30295.806640625,30407.78125,30263.462890625,30331.783203125,8011667756
2023-07-16,30249.1328125,30249.1328125,30437.560546875,30089.669921875,30297.47265625,8516564470
2023-07-17,30145.888671875,30145.888671875,30336.400390625,29685.783203125,30249.626953125,13240156074
2023-07-18,29856.5625,29856.5625,30233.65625,29556.427734375,30147.0703125,13138897269
2023-07-19,29913.923828125,29913.923828125,30184.181640625,29794.26953125,29862.046875,12128602812
2023-07-20,29792.015625,29792.015625,30195.53125,29638.095703125,29915.25,14655207121
2023-07-21,29908.744140625,29908.744140625,30045.998046875,29733.8515625,29805.111328125,10972789818
2023-07-22,29771.802734375,29771.802734375,29991.615234375,29664.12109375,29908.697265625,7873300598
2023-07-23,30084.5390625,30084.5390625,30330.640625,29741.52734375,29790.111328125,9220145050
2023-07-24,29176.916015625,29176.916015625,30093.39453125,28934.294921875,30081.662109375,15395817395
2023-07-25,29227.390625,29227.390625,29353.16015625,29062.43359375,29178.970703125,10266772793
2023-07-26,29354.97265625,29354.97265625,29675.552734375,29113.912109375,29225.759765625,13497554655
2023-07-27,29210.689453125,29210.689453125,29560.966796875,29099.3515625,29353.798828125,10770779217
2023-07-28,29319.24609375,29319.24609375,29521.513671875,29125.845703125,29212.1640625,11218474952
2023-07-29,29356.91796875,29356.91796875,29396.84375,29264.166015625,29319.4453125,6481775959
2023-07-30,29275.30859375,29275.30859375,29443.169921875,29059.501953125,29357.09375,8678454527
2023-07-31,29230.111328125,29230.111328125,29489.873046875,29131.578125,29278.314453125,11656781982
2023-08-01,29675.732421875,29675.732421875,29675.732421875,28657.0234375,29230.873046875,18272392391
2023-08-02,29151.958984375,29151.958984375,29987.998046875,28946.509765625,29704.146484375,19212655598
2023-08-03,29178.6796875,29178.6796875,29375.70703125,28959.48828125,29161.8125,12780357746
2023-08-04,29074.091796875,29074.091796875,29302.078125,28885.3359375,29174.3828125,12036639988
2023-08-05,29042.126953125,29042.126953125,29102.46484375,28957.796875,29075.388671875,6598366353
2023-08-06,29041.85546875,29041.85546875,29160.822265625,28963.833984375,29043.701171875,7269806994
2023-08-07,29180.578125,29180.578125,29244.28125,28724.140625,29038.513671875,13618163710
2023-08-08,29765.4921875,29765.4921875,30176.796875,29113.814453125,29180.01953125,17570561357
2023-08-09,29561.494140625,29561.494140625,30093.435546875,29376.80078125,29766.6953125,18379521213
2023-08-10,29429.591796875,29429.591796875,29688.564453125,29354.447265625,29563.97265625,11865344789
2023-08-11,29397.71484375,29397.71484375,29517.7734375,29253.517578125,29424.90234375,10195168197
2023-08-12,29415.96484375,29415.96484375,29465.11328125,29357.587890625,29399.787109375,6194358008
2023-08-13,29282.9140625,29282.9140625,29441.43359375,29265.806640625,29416.59375,7329897180
2023-08-14,29408.443359375,29408.443359375,29660.25390625,29124.10546875,29283.263671875,14013695304
2023-08-15,29170.34765625,29170.34765625,29439.12109375,29088.853515625,29408.048828125,12640195779
2023-08-16,28701.779296875,28701.779296875,29221.9765625,28701.779296875,29169.07421875,14949271904
2023-08-17,26664.55078125,26664.55078125,28745.947265625,25409.111328125,28699.802734375,31120851211
2023-08-18,26049.556640625,26049.556640625,26808.1953125,25668.921875,26636.078125,24026236529
2023-08-19,26096.205078125,26096.205078125,26249.44921875,25802.408203125,26047.83203125,10631443812
2023-08-20,26189.583984375,26189.583984375,26260.681640625,26004.314453125,26096.861328125,9036580420
2023-08-21,26124.140625,26124.140625,26220.201171875,25846.087890625,26188.69140625,13371557893
2023-08-22,26031.65625,26031.65625,26135.5078125,25520.728515625,26130.748046875,14503820706
2023-08-23,26431.640625,26431.640625,26786.8984375,25804.998046875,26040.474609375,16985265785
2023-08-24,26162.373046875,26162.373046875,26554.91015625,25914.92578125,26431.51953125,12871532023
2023-08-25,26047.66796875,26047.66796875,26248.103515625,25786.8125,26163.6796875,12406045118
2023-08-26,26008.462890625,26008.462890625,26107.384765625,25983.87890625,26047.234375,6034817316
2023-08-27,26089.693359375,26089.693359375,26165.373046875,25965.09765625,26008.2421875,6913768611
2023-08-28,26106.150390625,26106.150390625,26198.578125,25880.599609375,26089.615234375,11002805166
2023-08-29,27727.392578125,27727.392578125,28089.337890625,25912.62890625,26102.486328125,29368391712
2023-08-30,27297.265625,27297.265625,27760.16015625,27069.20703125,27726.083984375,16343655235
2023-08-31,25931.47265625,25931.47265625,27456.078125,25752.9296875,27301.9296875,20181001451
2023-09-01,25800.724609375,25800.724609375,26125.869140625,25362.609375,25934.021484375,17202862221
2023-09-02,25868.798828125,25868.798828125,25970.28515625,25753.09375,25800.91015625,10100387473
2023-09-03,25969.56640625,25969.56640625,26087.1484375,25817.03125,25869.47265625,8962524523
2023-09-04,25812.416015625,25812.416015625,26081.525390625,25657.025390625,25968.169921875,10680635106
2023-09-05,25779.982421875,25779.982421875,25858.375,25589.98828125,25814.95703125,11094740040
2023-09-06,25753.236328125,25753.236328125,25953.015625,25404.359375,25783.931640625,12752705327
2023-09-07,26240.1953125,26240.1953125,26409.302734375,25608.201171875,25748.3125,11088307100
2023-09-08,25905.654296875,25905.654296875,26414.005859375,25677.48046875,26245.208984375,10817356400
2023-09-09,25895.677734375,25895.677734375,25921.9765625,25810.494140625,25905.42578125,5481314132
2023-09-10,25832.2265625,25832.2265625,25978.130859375,25640.26171875,25895.2109375,7899553047
2023-09-11,25162.654296875,25162.654296875,25883.947265625,24930.296875,25831.71484375,14600006467
2023-09-12,25833.34375,25833.34375,26451.939453125,25133.078125,25160.658203125,18657279324
2023-09-13,26228.32421875,26228.32421875,26376.11328125,25781.123046875,25837.5546875,13072077070
2023-09-14,26539.673828125,26539.673828125,26774.623046875,26171.451171875,26228.27734375,13811359124
2023-09-15,26608.693359375,26608.693359375,26840.498046875,26240.701171875,26533.818359375,11479735788
2023-09-16,26568.28125,26568.28125,26754.76953125,26473.890625,26606.19921875,7402031417
2023-09-17,26534.1875,26534.1875,26617.998046875,26445.07421875,26567.927734375,6774210670
2023-09-18,26754.28125,26754.28125,27414.734375,26415.515625,26532.994140625,15615339655
2023-09-19,27211.1171875,27211.1171875,27488.763671875,26681.60546875,26760.8515625,13807690550
2023-09-20,27132.0078125,27132.0078125,27379.505859375,26864.08203125,27210.228515625,13281116604
2023-09-21,26567.6328125,26567.6328125,27152.939453125,26389.30078125,27129.83984375,13371443708
2023-09-22,26579.568359375,26579.568359375,26726.078125,26495.533203125,26564.056640625,10578746709
2023-09-23,26579.390625,26579.390625,26634.185546875,26520.51953125,26578.556640625,7404700301
2023-09-24,26256.826171875,26256.826171875,26716.05859375,26221.05078125,26579.373046875,8192867686
2023-09-25,26298.48046875,26298.48046875,26421.5078125,26011.46875,26253.775390625,11997833257
2023-09-26,26217.25,26217.25,26389.884765625,26090.712890625,26294.7578125,9985498161
2023-09-27,26352.716796875,26352.716796875,26817.841796875,26111.46484375,26209.498046875,11718380997
2023-09-28,27021.546875,27021.546875,27259.5,26327.322265625,26355.8125,14079002707
2023-09-29,26911.720703125,26911.720703125,27225.9375,26721.763671875,27024.841796875,10396435377
2023-09-30,26967.916015625,26967.916015625,27091.794921875,26888.96875,26911.689453125,5331172801
2023-10-01,27983.75,27983.75,28047.23828125,26965.09375,26967.396484375,9503917434
2023-10-02,27530.78515625,27530.78515625,28494.458984375,27347.787109375,27976.798828125,19793041322
2023-10-03,27429.978515625,27429.978515625,27667.19140625,27216.001953125,27508.251953125,11407814187
2023-10-04,27799.39453125,27799.39453125,27826.658203125,27248.10546875,27429.07421875,11143355314
2023-10-05,27415.912109375,27415.912109375,28091.861328125,27375.6015625,27798.646484375,11877253670
2023-10-06,27946.59765625,27946.59765625,28252.537109375,27215.552734375,27412.123046875,13492391599
2023-10-07,27968.83984375,27968.83984375,28028.091796875,27870.423828125,27946.78125,6553044316
2023-10-08,27935.08984375,27935.08984375,28102.169921875,27740.662109375,27971.677734375,7916875290
2023-10-09,27583.677734375,27583.677734375,27989.470703125,27302.5625,27934.47265625,12007668568
2023-10-10,27391.01953125,27391.01953125,27715.84765625,27301.654296875,27589.201171875,9973350678
2023-10-11,26873.3203125,26873.3203125,27474.115234375,26561.099609375,27392.076171875,13648094333
2023-10-12,26756.798828125,26756.798828125,26921.439453125,26558.3203125,26873.29296875,9392909295
2023-10-13,26862.375,26862.375,27092.697265625,26686.322265625,26752.87890625,15165312851
2023-10-14,26861.70703125,26861.70703125,26969.0,26814.5859375,26866.203125,5388116782
2023-10-15,27159.65234375,27159.65234375,27289.169921875,26817.89453125,26858.01171875,7098201980
2023-10-16,28519.466796875,28519.466796875,29448.138671875,27130.47265625,27162.62890625,27833876539
2023-10-17,28415.748046875,28415.748046875,28618.751953125,28110.185546875,28522.09765625,14872527508
2023-10-18,28328.341796875,28328.341796875,28889.009765625,28174.251953125,28413.53125,12724128586
2023-10-19,28719.806640625,28719.806640625,28892.474609375,28177.98828125,28332.416015625,14448058195
2023-10-20,29682.94921875,29682.94921875,30104.0859375,28601.669921875,28732.8125,21536125230
2023-10-21,29918.412109375,29918.412109375,30287.482421875,29481.751953125,29683.380859375,11541146996
2023-10-22,29993.896484375,29993.896484375,30199.43359375,29720.3125,29918.654296875,10446520040
2023-10-23,33086.234375,33086.234375,34370.4375,30097.828125,30140.685546875,38363572311
2023-10-24,33901.52734375,33901.52734375,35150.43359375,32880.76171875,33077.3046875,44934999645
2023-10-25,34502.8203125,34502.8203125,35133.7578125,33709.109375,33916.04296875,25254318008
2023-10-26,34156.6484375,34156.6484375,34832.91015625,33762.32421875,34504.2890625,19427195376
2023-10-27,33909.80078125,33909.80078125,34238.2109375,33416.88671875,34156.5,16418032871
2023-10-28,34089.57421875,34089.57421875,34399.390625,33874.8046875,33907.72265625,10160330825
2023-10-29,34538.48046875,34538.48046875,34743.26171875,33947.56640625,34089.37109375,11160323986
2023-10-30,34502.36328125,34502.36328125,34843.93359375,34110.97265625,34531.7421875,17184860315
2023-10-31,34667.78125,34667.78125,34719.25390625,34083.30859375,34500.078125,15758270810
2023-11-01,35437.25390625,35437.25390625,35527.9296875,34170.69140625,34657.2734375,22446272005
2023-11-02,34938.2421875,34938.2421875,35919.84375,34401.57421875,35441.578125,20998158544
2023-11-03,34732.32421875,34732.32421875,34942.47265625,34133.44140625,34942.47265625,17158456701
2023-11-04,35082.1953125,35082.1953125,35256.03125,34616.69140625,34736.32421875,9561294264
2023-11-05,35049.35546875,35049.35546875,35340.33984375,34594.2421875,35090.01171875,12412743996
2023-11-06,35037.37109375,35037.37109375,35286.02734375,34765.36328125,35044.7890625,12693436420
2023-11-07,35443.5625,35443.5625,35892.41796875,34545.81640625,35047.79296875,18834737789
2023-11-08,35655.27734375,35655.27734375,35994.41796875,35147.80078125,35419.4765625,17295394918
2023-11-09,36693.125,36693.125,37926.2578125,35592.1015625,35633.6328125,37762672382
2023-11-10,37313.96875,37313.96875,37493.80078125,36362.75390625,36702.25,22711265155
2023-11-11,37138.05078125,37138.05078125,37407.09375,36773.66796875,37310.0703125,13924272142
2023-11-12,37054.51953125,37054.51953125,37227.69140625,36779.1171875,37133.9921875,11545715999
2023-11-13,36502.35546875,36502.35546875,37405.1171875,36399.60546875,37070.3046875,19057712790
2023-11-14,35537.640625,35537.640625,36753.3515625,34948.5,36491.7890625,23857403554
2023-11-15,37880.58203125,37880.58203125,37964.89453125,35383.78125,35548.11328125,27365821679
2023-11-16,36154.76953125,36154.76953125,37934.625,35545.47265625,37879.98046875,26007385366
2023-11-17,36596.68359375,36596.68359375,36704.484375,35901.234375,36164.82421875,22445028430
2023-11-18,36585.703125,36585.703125,36839.28125,36233.3125,36625.37109375,11886022717
2023-11-19,37386.546875,37386.546875,37509.35546875,36414.59765625,36585.765625,12915986553
2023-11-20,37476.95703125,37476.95703125,37756.8203125,36882.53125,37374.07421875,20888209068
2023-11-21,35813.8125,35813.8125,37631.140625,35813.8125,37469.16015625,25172163756
2023-11-22,37432.33984375,37432.33984375,37856.98046875,35670.97265625,35756.5546875,24397247860
2023-11-23,37289.62109375,37289.62109375,37643.91796875,36923.86328125,37420.43359375,14214948217
2023-11-24,37720.28125,37720.28125,38415.33984375,37261.60546875,37296.31640625,22922957823
2023-11-25,37796.79296875,37796.79296875,37892.4296875,37617.41796875,37721.4140625,9099571165
2023-11-26,37479.12109375,37479.12109375,37820.30078125,37162.75,37796.828125,13744796068
2023-11-27,37254.16796875,37254.16796875,37559.35546875,36750.12890625,37454.19140625,19002925720
2023-11-28,37831.0859375,37831.0859375,38368.48046875,36891.08984375,37247.9921875,21696137014
2023-11-29,37858.4921875,37858.4921875,38366.11328125,37612.6328125,37826.10546875,20728546658
2023-11-30,37712.74609375,37712.74609375,38141.75390625,37531.140625,37861.1171875,18115982627
2023-12-01,38688.75,38688.75,38954.109375,37629.359375,37718.0078125,23512784002
2023-12-02,39476.33203125,39476.33203125,39678.9375,38652.59375,38689.27734375,15534035612
2023-12-03,39978.390625,39978.390625,40135.60546875,39298.1640625,39472.20703125,15769696322
2023-12-04,41980.09765625,41980.09765625,42371.75,39978.62890625,39978.62890625,39856129827
2023-12-05,44080.6484375,44080.6484375,44408.6640625,41421.1484375,41986.265625,36312154535
2023-12-06,43746.4453125,43746.4453125,44265.76953125,43478.08203125,44080.0234375,29909761586
2023-12-07,43292.6640625,43292.6640625,44042.58984375,42880.6484375,43769.1328125,27635760671
2023-12-08,44166.6015625,44166.6015625,44705.515625,43125.296875,43293.13671875,24421116687
2023-12-09,43725.984375,43725.984375,44361.2578125,43627.59765625,44180.01953125,17368210171
2023-12-10,43779.69921875,43779.69921875,44034.625,43593.28515625,43728.3828125,13000481418
2023-12-11,41243.83203125,41243.83203125,43808.375,40234.578125,43792.01953125,40632672038
2023-12-12,41450.22265625,41450.22265625,42048.3046875,40667.5625,41238.734375,24779520132
2023-12-13,42890.7421875,42890.7421875,43429.78125,40676.8671875,41468.46484375,26797884674
2023-12-14,43023.97265625,43023.97265625,43390.859375,41767.08984375,42884.26171875,25578530178
2023-12-15,41929.7578125,41929.7578125,43087.82421875,41692.96875,43028.25,19639442462
2023-12-16,42240.1171875,42240.1171875,42664.9453125,41723.11328125,41937.7421875,14386729590
2023-12-17,41364.6640625,41364.6640625,42359.49609375,41274.54296875,42236.109375,16678702876
2023-12-18,42623.5390625,42623.5390625,42720.296875,40530.2578125,41348.203125,25224642008
2023-12-19,42270.52734375,42270.52734375,43354.296875,41826.3359375,42641.51171875,23171001281
2023-12-20,43652.25,43652.25,44275.5859375,42223.81640625,42261.30078125,27868908174
2023-12-21,43869.15234375,43869.15234375,44240.66796875,43330.05078125,43648.125,22452766169
2023-12-22,43997.90234375,43997.90234375,44367.95703125,43441.96875,43868.98828125,21028503216
2023-12-23,43739.54296875,43739.54296875,44015.69921875,43351.35546875,44012.19921875,13507796558
2023-12-24,43016.1171875,43016.1171875,43945.5234375,42786.91796875,43728.3671875,18830554085
2023-12-25,43613.140625,43613.140625,43765.09375,42765.76953125,43010.57421875,21115795370
2023-12-26,42520.40234375,42520.40234375,43603.17578125,41676.48828125,43599.84765625,30026850982
2023-12-27,43442.85546875,43442.85546875,43683.16015625,42167.58203125,42518.46875,25260941032
2023-12-28,42627.85546875,42627.85546875,43804.78125,42318.55078125,43468.19921875,22992093014
2023-12-29,42099.40234375,42099.40234375,43124.32421875,41424.0625,42614.64453125,26000021055
2023-12-30,42156.90234375,42156.90234375,42584.125,41556.2265625,42091.75390625,16013925945
2023-12-31,42265.1875,42265.1875,42860.9375,41998.25390625,42152.09765625,16397498810
2024-01-01,44167.33203125,44167.33203125,44175.4375,42214.9765625,42280.234375,18426978443
2024-01-02,44957.96875,44957.96875,45899.70703125,44176.94921875,44187.140625,39335274536
2024-01-03,42848.17578125,42848.17578125,45503.2421875,40813.53515625,44961.6015625,46342323118
2024-01-04,44179.921875,44179.921875,44770.0234375,42675.17578125,42855.81640625,30448091210
2024-01-05,44162.69140625,44162.69140625,44353.28515625,42784.71875,44192.98046875,32336029347
2024-01-06,43989.1953125,43989.1953125,44227.6328125,43475.15625,44178.953125,16092503468
2024-01-07,43943.09765625,43943.09765625,44495.5703125,43662.23046875,43998.46484375,19330573863
2024-01-08,46970.50390625,46970.50390625,47218.0,43244.08203125,43948.70703125,42746192015
2024-01-09,46139.73046875,46139.73046875,47893.69921875,45244.71484375,46987.640625,39821290992
2024-01-10,46627.77734375,46627.77734375,47647.22265625,44483.15234375,46121.5390625,50114613298
2024-01-11,46368.5859375,46368.5859375,48969.37109375,45678.64453125,46656.07421875,45833734549
2024-01-12,42853.16796875,42853.16796875,46498.13671875,41903.76953125,46354.79296875,43332698900
2024-01-13,42842.3828125,42842.3828125,43234.66015625,42464.14453125,42799.4453125,20601860469
2024-01-14,41796.26953125,41796.26953125,43065.59765625,41724.61328125,42842.26171875,17521429522
2024-01-15,42511.96875,42511.96875,43319.72265625,41705.41796875,41715.06640625,22320220558
2024-01-16,43154.9453125,43154.9453125,43566.2734375,42085.99609375,42499.3359375,24062872740
2024-01-17,42742.65234375,42742.65234375,43189.890625,42189.30859375,43132.1015625,20851232595
2024-01-18,41262.05859375,41262.05859375,42876.34765625,40631.171875,42742.3125,25218357242
2024-01-19,41618.40625,41618.40625,42134.16015625,40297.45703125,41278.4609375,25752407154
2024-01-20,41665.5859375,41665.5859375,41877.89453125,41446.82421875,41624.58984375,11586690904
2024-01-21,41545.78515625,41545.78515625,41855.3671875,41497.0078125,41671.48828125,9344043642
2024-01-22,39507.3671875,39507.3671875,41651.20703125,39450.1171875,41553.65234375,31338708143
2024-01-23,39845.55078125,39845.55078125,40127.3515625,38521.89453125,39518.71484375,29244553045
2024-01-24,40077.07421875,40077.07421875,40483.78515625,39508.796875,39877.59375,22359526178
2024-01-25,39933.80859375,39933.80859375,40254.48046875,39545.6640625,40075.55078125,18491782013
2024-01-26,41816.87109375,41816.87109375,42209.38671875,39825.69140625,39936.81640625,25598119893
2024-01-27,42120.0546875,42120.0546875,42195.6328125,41431.28125,41815.625,11422941934
2024-01-28,42035.59375,42035.59375,42797.17578125,41696.91015625,42126.125,16858971687
2024-01-29,43288.24609375,43288.24609375,43305.8671875,41818.33203125,42030.9140625,20668476578
2024-01-30,42952.609375,42952.609375,43838.9453125,42711.37109375,43300.2265625,23842814518
2024-01-31,42582.60546875,42582.60546875,43717.40625,42298.9453125,42946.25,24673628793
2024-02-01,43075.7734375,43075.7734375,43243.16796875,41879.19140625,42569.76171875,21423953779
2024-02-02,43185.859375,43185.859375,43422.48828125,42584.3359375,43077.640625,18603843039
2024-02-03,42992.25,42992.25,43359.94140625,42890.80859375,43184.96484375,11169245236
2024-02-04,42583.58203125,42583.58203125,43097.64453125,42374.83203125,42994.94140625,14802225490
2024-02-05,42658.66796875,42658.66796875,43494.25,42264.81640625,42577.62109375,18715487317
2024-02-06,43084.671875,43084.671875,43344.1484375,42529.01953125,42657.390625,16798476726
2024-02-07,44318.22265625,44318.22265625,44341.94921875,42775.95703125,43090.01953125,21126587775
2024-02-08,45301.56640625,45301.56640625,45575.83984375,44332.125,44332.125,26154524080
2024-02-09,47147.19921875,47147.19921875,48152.49609375,45260.82421875,45297.3828125,39316770844
2024-02-10,47771.27734375,47771.27734375,48146.171875,46905.3203125,47153.52734375,16398681570
2024-02-11,48293.91796875,48293.91796875,48535.9375,47617.40625,47768.96875,19315867136
2024-02-12,49958.22265625,49958.22265625,50280.4765625,47745.76171875,48296.38671875,34511985805
2024-02-13,49742.44140625,49742.44140625,50358.390625,48406.49609375,49941.359375,35593051468
2024-02-14,51826.6953125,51826.6953125,52021.37109375,49296.83203125,49733.4453125,39105608050
2024-02-15,51938.5546875,51938.5546875,52820.06640625,51371.62890625,51836.78515625,38564360533
2024-02-16,52160.203125,52160.203125,52537.96875,51641.3671875,51937.7265625,28180567298
2024-02-17,51662.99609375,51662.99609375,52191.9140625,50669.66796875,52161.67578125,20009091006
2024-02-18,52122.546875,52122.546875,52356.96484375,51233.70703125,51661.96875,17595377311
2024-02-19,51779.14453125,51779.14453125,52483.32421875,51711.8203125,52134.8125,21362184346
2024-02-20,52284.875,52284.875,52945.05078125,50792.3125,51777.7265625,33353758256
2024-02-21,51839.1796875,51839.1796875,52368.81640625,50671.7578125,52273.53515625,28624907020
2024-02-22,51304.97265625,51304.97265625,52009.61328125,50926.29296875,51854.64453125,25413900611
2024-02-23,50731.94921875,50731.94921875,51497.93359375,50561.77734375,51283.90625,21427078270
2024-02-24,51571.1015625,51571.1015625,51684.1953125,50585.4453125,50736.37109375,15174077879
2024-02-25,51733.23828125,51733.23828125,51950.02734375,51306.171875,51565.21484375,15413239245
2024-02-26,54522.40234375,54522.40234375,54938.17578125,50931.03125,51730.5390625,34074411896
2024-02-27,57085.37109375,57085.37109375,57537.83984375,54484.19921875,54519.36328125,49756832031
2024-02-28,62504.7890625,62504.7890625,63913.1328125,56738.42578125,57071.09765625,83239156760
2024-02-29,61198.3828125,61198.3828125,63585.64453125,60498.73046875,62499.18359375,65496611844
2024-03-01,62440.6328125,62440.6328125,63155.1015625,60802.52734375,61168.0625,40186368423
2024-03-02,62029.84765625,62029.84765625,62458.69921875,61657.2890625,62431.65234375,23888473685
2024-03-03,63167.37109375,63167.37109375,63230.2109375,61435.0234375,62031.578125,26253811450
2024-03-04,68330.4140625,68330.4140625,68537.03125,62386.51953125,63137.00390625,70670471105
2024-03-05,63801.19921875,63801.19921875,69170.625,59323.91015625,68341.0546875,102802940877
2024-03-06,66106.8046875,66106.8046875,67637.9296875,62848.671875,63776.05078125,68750229073
2024-03-07,66925.484375,66925.484375,68029.921875,65655.53125,66099.7421875,46989543159
2024-03-08,68300.09375,68300.09375,70083.0546875,66230.453125,66938.09375,59202881172
2024-03-09,68498.8828125,68498.8828125,68673.0546875,68053.125,68299.2578125,21609650379
2024-03-10,69019.7890625,69019.7890625,70005.203125,68239.9765625,68500.2578125,35683977532
2024-03-11,72123.90625,72123.90625,72850.7109375,67194.8828125,69020.546875,65716656765
2024-03-12,71481.2890625,71481.2890625,72825.65625,68728.8515625,72125.125,62554434520
2024-03-13,73083.5,73083.5,73637.4765625,71334.09375,71482.1171875,48212536929
2024-03-14,71396.59375,71396.59375,73750.0703125,68563.0234375,73079.375,59594605698
2024-03-15,69403.7734375,69403.7734375,72357.1328125,65630.6953125,71387.875,78320453976
2024-03-16,65315.1171875,65315.1171875,70046.2734375,64801.39453125,69392.484375,46842198371
2024-03-17,68390.625,68390.625,68845.71875,64545.31640625,65316.34375,44716864318
2024-03-18,67548.59375,67548.59375,68897.1328125,66594.2265625,68371.3046875,49261579492
2024-03-19,61912.7734375,61912.7734375,68106.9296875,61536.1796875,67556.1328125,74215844794
2024-03-20,67913.671875,67913.671875,68115.2578125,60807.78515625,61930.15625,66792634382
2024-03-21,65491.390625,65491.390625,68199.9921875,64580.91796875,67911.5859375,44480350565
2024-03-22,63778.76171875,63778.76171875,66623.75,62355.37109375,65489.9296875,41401116964
2024-03-23,64062.203125,64062.203125,65976.3984375,63038.4921875,63802.72265625,24738964812
2024-03-24,67234.171875,67234.171875,67622.7578125,63825.8515625,64070.75390625,27206630673
2024-03-25,69958.8125,69958.8125,71162.59375,66414.8359375,67234.09375,42700139523
2024-03-26,69987.8359375,69987.8359375,71535.7421875,69335.609375,69931.328125,36010437368
2024-03-27,69455.34375,69455.34375,71727.6875,68381.9296875,69991.8984375,40827113309
2024-03-28,70744.953125,70744.953125,71546.0234375,68895.5078125,69452.7734375,34374900617
2024-03-29,69892.828125,69892.828125,70913.09375,69076.65625,70744.796875,25230851763
2024-03-30,69645.3046875,69645.3046875,70355.4921875,69601.0625,69893.4453125,17130241883
2024-03-31,71333.6484375,71333.6484375,71377.78125,69624.8671875,69647.78125,20050941373
2024-04-01,69702.1484375,69702.1484375,71342.09375,68110.6953125,71333.484375,34873527352
2024-04-02,65446.97265625,65446.97265625,69708.3828125,64586.59375,69705.0234375,50705240709
2024-04-03,65980.8125,65980.8125,66914.3203125,64559.8984375,65446.671875,34488018367
2024-04-04,68508.84375,68508.84375,69291.2578125,65113.796875,65975.6953125,34439527442
2024-04-05,67837.640625,67837.640625,68725.7578125,66011.4765625,68515.7578125,33748230056
2024-04-06,68896.109375,68896.109375,69629.6015625,67491.71875,67840.5703125,19967785809
2024-04-07,69362.5546875,69362.5546875,70284.4296875,68851.6328125,68897.109375,21204930369
2024-04-08,71631.359375,71631.359375,72715.359375,69064.2421875,69362.5546875,37261432669
2024-04-09,69139.015625,69139.015625,71742.5078125,68212.921875,71632.5,36426900409
2024-04-10,70587.8828125,70587.8828125,71093.4296875,67503.5625,69140.2421875,38318601774
2024-04-11,70060.609375,70060.609375,71256.234375,69571.8125,70575.734375,30153382941
2024-04-12,67195.8671875,67195.8671875,71222.7421875,65254.8359375,70061.3828125,44129299406
2024-04-13,63821.47265625,63821.47265625,67931.4296875,60919.10546875,67188.375,52869738185
2024-04-14,65738.7265625,65738.7265625,65824.4296875,62205.8515625,63836.23046875,49084320047
2024-04-15,63426.2109375,63426.2109375,66878.6484375,62332.0703125,65739.6484375,43595917654
2024-04-16,63811.86328125,63811.86328125,64355.66796875,61716.40234375,63419.296875,42847528078
2024-04-17,61276.69140625,61276.69140625,64486.36328125,59768.5859375,63831.84765625,41915247049
2024-04-18,63512.75390625,63512.75390625,64125.6875,60833.48046875,61275.31640625,36006307335
2024-04-19,63843.5703125,63843.5703125,65481.59765625,59651.390625,63510.75,49920425401
2024-04-20,64994.44140625,64994.44140625,65442.45703125,63172.40234375,63851.1015625,23097485495
2024-04-21,64926.64453125,64926.64453125,65723.2421875,64277.72265625,64992.81640625,20506644853
2024-04-22,66837.6796875,66837.6796875,67233.9609375,64548.1796875,64935.6328125,28282686673
2024-04-23,66407.2734375,66407.2734375,67199.2421875,65864.8671875,66839.890625,24310975583
2024-04-24,64276.8984375,64276.8984375,67075.3671875,63589.87109375,66408.71875,30276655120
2024-04-25,64481.70703125,64481.70703125,65275.20703125,62783.6328125,64275.01953125,32155786816
2024-04-26,63755.3203125,63755.3203125,64789.65625,63322.3984375,64485.37109375,24139372950
2024-04-27,63419.140625,63419.140625,63898.36328125,62424.71875,63750.98828125,19530783039
2024-04-28,63113.23046875,63113.23046875,64321.484375,62793.59765625,63423.515625,17334827993
2024-04-29,63841.12109375,63841.12109375,64174.87890625,61795.45703125,63106.36328125,26635912073
2024-04-30,60636.85546875,60636.85546875,64703.33203125,59120.06640625,63839.41796875,37840840057
2024-05-01,58254.01171875,58254.01171875,60780.5,56555.29296875,60609.49609375,48439780271
2024-05-02,59123.43359375,59123.43359375,59602.296875,56937.203125,58253.703125,32711813559
2024-05-03,62889.8359375,62889.8359375,63320.50390625,58848.3125,59122.30078125,33172023048
2024-05-04,63891.47265625,63891.47265625,64494.95703125,62599.3515625,62891.03125,20620477992
2024-05-05,64031.1328125,64031.1328125,64610.890625,62955.3046875,63892.453125,18296164805
2024-05-06,63161.94921875,63161.94921875,65494.90234375,62746.23828125,64038.3125,28697928697
2024-05-07,62334.81640625,62334.81640625,64390.45703125,62285.98046875,63162.76171875,25930730982
2024-05-08,61187.94140625,61187.94140625,62986.0859375,60877.12890625,62332.640625,26088172222
2024-05-09,63049.9609375,63049.9609375,63404.9140625,60648.07421875,61191.19921875,25453338161
2024-05-10,60792.77734375,60792.77734375,63446.7421875,60208.78125,63055.19140625,27804954694
2024-05-11,60793.7109375,60793.7109375,61451.15234375,60492.625,60793.35546875,13842272968
2024-05-12,61448.39453125,61448.39453125,61818.15625,60632.6015625,60793.50390625,13800459405
2024-05-13,62901.44921875,62901.44921875,63422.66015625,60769.83984375,61451.21875,27889181179
2024-05-14,61552.7890625,61552.7890625,63092.125,61123.765625,62900.7734375,28186271527
2024-05-15,66267.4921875,66267.4921875,66454.453125,61330.41015625,61553.98828125,39815167074
2024-05-16,65231.58203125,65231.58203125,66712.4296875,64613.0546875,66256.109375,31573077994
2024-05-17,67051.875,67051.875,67459.4609375,65119.31640625,65231.296875,28031279310
2024-05-18,66940.8046875,66940.8046875,67387.328125,66663.5,67066.2109375,16712277406
2024-05-19,66278.3671875,66278.3671875,67694.296875,65937.1796875,66937.9296875,19249094538
2024-05-20,71448.1953125,71448.1953125,71483.5625,66086.171875,66278.7421875,43850655717
2024-05-21,70136.53125,70136.53125,71946.4609375,69191.125,71443.0625,46932005990
2024-05-22,69122.3359375,69122.3359375,70623.6953125,68977.6953125,70135.3203125,32802561717
2024-05-23,67929.5625,67929.5625,70041.2734375,66356.953125,69121.3046875,41895680979
2024-05-24,68526.1015625,68526.1015625,69220.296875,66622.671875,67928.1328125,29197308153
2024-05-25,69265.9453125,69265.9453125,69579.3203125,68515.8203125,68526.921875,15473071741
2024-05-26,68518.09375,68518.09375,69506.2265625,68183.890625,69264.2890625,15628433737
2024-05-27,69394.5546875,69394.5546875,70597.8828125,68232.5,68512.1796875,25870990717
2024-05-28,68296.21875,68296.21875,69514.640625,67227.15625,69392.1953125,32722265965
2024-05-29,67578.09375,67578.09375,68852.4609375,67101.4921875,68296.3515625,26707072906
2024-05-30,68364.9921875,68364.9921875,69500.5390625,67118.078125,67576.0859375,29509712534
2024-05-31,67491.4140625,67491.4140625,68999.5625,66633.421875,68362.515625,27387283769
2024-06-01,67706.9375,67706.9375,67839.765625,67386.1953125,67489.609375,11641495604
2024-06-02,67751.6015625,67751.6015625,68409.1640625,67315.5234375,67710.2734375,17110588415
2024-06-03,68804.78125,68804.78125,70230.8203125,67589.8359375,67753.8984375,32401285324
2024-06-04,70567.765625,70567.765625,71047.40625,68564.640625,68804.5703125,33149696545
2024-06-05,71082.8203125,71082.8203125,71735.4140625,70390.7109375,70568.3515625,32810771409
2024-06-06,70757.1640625,70757.1640625,71625.734375,70119.125,71082.84375,25223152007
2024-06-07,69342.5859375,69342.5859375,71907.8515625,68507.2578125,70759.1875,36188381096
2024-06-08,69305.7734375,69305.7734375,69533.3203125,69210.7421875,69324.1796875,14262185861
2024-06-09,69647.9921875,69647.9921875,69817.5234375,69160.84375,69297.4921875,13534028500
2024-06-10,69512.28125,69512.28125,70146.0703125,69232.421875,69644.3125,20597699541
2024-06-11,67332.03125,67332.03125,69549.4140625,66123.6015625,69508.078125,37116136345
2024-06-12,68241.1875,68241.1875,69977.890625,66902.453125,67321.375,34497940694
2024-06-13,66756.3984375,66756.3984375,68365.78125,66304.5625,68243.1015625,28955204146
2024-06-14,66011.09375,66011.09375,67294.6484375,65056.89453125,66747.5703125,27403884779
2024-06-15,66191.0,66191.0,66402.1875,65871.7734375,66006.7421875,14121265576
2024-06-16,66639.046875,66639.046875,66894.84375,66018.25,66189.359375,13281140541
2024-06-17,66490.296875,66490.296875,67188.3203125,65094.96484375,66636.515625,30006354476
2024-06-18,65140.74609375,65140.74609375,66556.703125,64066.95703125,66490.9765625,39481285950
2024-06-19,64960.296875,64960.296875,65695.3515625,64693.30078125,65146.66015625,21103423504
2024-06-20,64828.65625,64828.65625,66438.9609375,64547.84765625,64960.296875,25641109124
2024-06-21,64096.19921875,64096.19921875,65007.546875,63378.89453125,64837.98828125,26188171739
2024-06-22,64252.578125,64252.578125,64475.46875,63929.7578125,64113.86328125,9858198793
2024-06-23,63180.796875,63180.796875,64491.703125,63180.796875,64248.96484375,11170471802
2024-06-24,60277.4140625,60277.4140625,63292.52734375,58601.69921875,63173.3515625,43152133651
2024-06-25,61804.640625,61804.640625,62258.26171875,60239.75,60266.28125,29201215431
2024-06-26,60811.27734375,60811.27734375,62434.13671875,60695.1875,61789.67578125,22506003064
2024-06-27,61604.80078125,61604.80078125,62293.86328125,60585.33203125,60811.2265625,21231745045
2024-06-28,60320.13671875,60320.13671875,62126.09765625,59985.40234375,61612.8046875,24952866877
2024-06-29,60887.37890625,60887.37890625,61097.62109375,60300.96484375,60319.875,12652903396
2024-06-30,62678.29296875,62678.29296875,62892.828125,60632.94921875,60888.4453125,17333226409
2024-07-01,62851.98046875,62851.98046875,63777.2265625,62495.51171875,62673.60546875,25468379421
2024-07-02,62029.015625,62029.015625,63203.359375,61752.74609375,62844.41015625,20151616992
2024-07-03,60173.921875,60173.921875,62187.703125,59419.38671875,62034.33203125,29756701685
2024-07-04,56977.703125,56977.703125,60399.67578125,56777.8046875,60147.13671875,41149609230
2024-07-05,56662.375,56662.375,57497.15234375,53717.375,57022.80859375,55417544033
2024-07-06,58303.5390625,58303.5390625,58472.546875,56038.9609375,56659.07421875,20610320577
2024-07-07,55849.109375,55849.109375,58371.12109375,55793.32421875,58239.4296875,20553359505
2024-07-08,56705.09765625,56705.09765625,58131.3359375,54321.01953125,55849.57421875,39766159899
2024-07-09,58009.2265625,58009.2265625,58239.1953125,56316.875,56704.59765625,27849512607
2024-07-10,57742.49609375,57742.49609375,59359.43359375,57178.4140625,58033.8828125,26175260526
2024-07-11,57344.9140625,57344.9140625,59299.43359375,57120.37890625,57729.890625,28707803842
2024-07-12,57899.46484375,57899.46484375,58532.5546875,56590.17578125,57341.1953125,25604805221
2024-07-13,59231.953125,59231.953125,59787.078125,57796.44140625,57908.73828125,17080061806
2024-07-14,60787.79296875,60787.79296875,61329.52734375,59225.25,59225.25,22223416061
2024-07-15,64870.15234375,64870.15234375,64870.15234375,60704.9296875,60815.45703125,38094526099
2024-07-16,65097.1484375,65097.1484375,65354.33984375,62487.96875,64784.41796875,41617346768
2024-07-17,64118.79296875,64118.79296875,66066.734375,63896.0859375,65091.83203125,32525071311
2024-07-18,63974.06640625,63974.06640625,65104.66015625,63246.1640625,64104.73828125,27239305337
2024-07-19,66710.15625,66710.15625,67442.640625,63329.34375,63972.32421875,37003855410
2024-07-20,67163.6484375,67163.6484375,67610.734375,66299.6171875,66709.921875,19029581250
2024-07-21,68154.5234375,68154.5234375,68372.90625,65842.296875,67164.9140625,26652190004
2024-07-22,67585.25,67585.25,68480.0625,66611.296875,68152.9765625,42649109453
2024-07-23,65927.671875,65927.671875,67779.015625,65484.4609375,67584.8046875,35605668666
2024-07-24,65372.1328125,65372.1328125,67113.984375,65146.99609375,65927.859375,27470942309
2024-07-25,65777.2265625,65777.2265625,66112.421875,63473.47265625,65375.875,38315761670
2024-07-26,67912.0625,67912.0625,68207.6015625,65743.765625,65771.8125,30488630457
2024-07-27,67813.3359375,67813.3359375,69398.5078125,66705.21875,67911.8125,34691905492
2024-07-28,68255.8671875,68255.8671875,68301.8515625,67085.828125,67808.65625,18043166945
2024-07-29,66819.9140625,66819.9140625,69987.5390625,66532.59375,68259.0546875,40780682628
2024-07-30,66201.015625,66201.015625,66987.671875,65323.19140625,66819.0546875,31380492109
2024-07-31,64619.25,64619.25,66810.2109375,64532.046875,66201.2734375,31292785994
2024-08-01,65357.5,65357.5,65593.2421875,62248.94140625,64625.83984375,40975554494
2024-08-02,61415.06640625,61415.06640625,65523.22265625,61184.89453125,65353.5,43060875727
2024-08-03,60680.09375,60680.09375,62148.37109375,59836.52734375,61414.80859375,31753030589
2024-08-04,58116.9765625,58116.9765625,61062.98828125,57210.8046875,60676.09375,31758917219
2024-08-05,53991.45703125,53991.45703125,58268.828125,49121.23828125,58110.296875,108991085584
2024-08-06,56034.31640625,56034.31640625,57059.91796875,53973.2734375,53991.34765625,49300484106
2024-08-07,55027.4609375,55027.4609375,57726.8828125,54620.5078125,56040.6328125,41637562185
2024-08-08,61710.13671875,61710.13671875,62673.765625,54766.7265625,55030.02734375,45298472567
2024-08-09,60880.11328125,60880.11328125,61751.86328125,59587.859375,61728.20703125,33425553115
2024-08-10,60945.8125,60945.8125,61464.51171875,60287.56640625,60881.23046875,15745822278
2024-08-11,58719.484375,58719.484375,61778.66015625,58348.82421875,60944.890625,22759754812
2024-08-12,59354.515625,59354.515625,60680.33203125,57688.8984375,58719.39453125,37078637820
2024-08-13,60609.56640625,60609.56640625,61572.3984375,58506.25390625,59356.20703125,30327698167
2024-08-14,58737.26953125,58737.26953125,61687.7578125,58472.875,60611.05078125,29961696180
2024-08-15,57560.09765625,57560.09765625,59838.6484375,56161.59375,58733.26171875,35682112440
2024-08-16,58894.10546875,58894.10546875,59847.359375,57110.01953125,57560.2734375,29350938673
2024-08-17,59478.97265625,59478.97265625,59694.66796875,58814.83203125,58893.53125,13589684021
2024-08-18,58483.96484375,58483.96484375,60262.71875,58445.40234375,59468.1328125,17740625837
2024-08-19,59493.453125,59493.453125,59612.66015625,57864.7109375,58480.7109375,25911207712
2024-08-20,59012.79296875,59012.79296875,61396.328125,58610.8828125,59493.453125,31613400008
2024-08-21,61175.19140625,61175.19140625,61834.3515625,58823.4453125,59014.98828125,32731154072
2024-08-22,60381.9140625,60381.9140625,61408.109375,59815.25390625,61168.31640625,27625734377
2024-08-23,64094.35546875,64094.35546875,64947.0625,60372.05078125,60380.953125,42530509233
2024-08-24,64178.9921875,64178.9921875,64513.7890625,63619.91796875,64103.87109375,21430585163
2024-08-25,64333.54296875,64333.54296875,64996.421875,63833.51953125,64176.3671875,18827683555
2024-08-26,62880.66015625,62880.66015625,64489.70703125,62849.55859375,64342.2265625,27682040631
2024-08-27,59504.1328125,59504.1328125,63210.796875,58116.75,62879.70703125,39103882198
2024-08-28,59027.625,59027.625,60236.44921875,57890.67578125,59507.92578125,40289564698
2024-08-29,59388.1796875,59388.1796875,61184.08203125,58786.2265625,59027.46875,32224990582
